year,quarter,province,origin,total_spend,quarterly_arrivals,spend_per_arrival,period,covid_period,low_reliability
2018,1,Manitoba,Australia,3747000.0,252.0,14869.047619047618,2018-Q1,False,False
2018,4,Manitoba,United Kingdom,7803000.0,1776.0,4393.581081081081,2018-Q4,False,False
2018,4,Alberta,China,97197000.0,16824.0,5777.28245363766,2018-Q4,False,False
2019,1,New Brunswick,United States,33033000.0,688704.0,47.9640019514915,2019-Q1,False,False
2019,1,Manitoba,France,5124000.0,558.0,9182.79569892473,2019-Q1,False,False
2019,3,Nova Scotia,United States,544887000.0,441438.0,1234.3454799994563,2019-Q3,False,False
2019,3,British Columbia,United Kingdom,665979000.0,650112.0,1024.406563792085,2019-Q3,False,False
2021,3,Saskatchewan,United States,37128000.0,57918.0,641.0442349528644,2021-Q3,True,False
2018,4,Yukon,India,1782000.0,76.0,23447.36842105263,2018-Q4,False,True
2019,1,Ontario,Japan,63264000.0,70350.0,899.2750533049041,2019-Q1,False,False
2019,2,New Brunswick,Australia,5733000.0,1128.0,5082.446808510638,2019-Q2,False,False
2019,3,Alberta,Japan,90978000.0,49800.0,1826.867469879518,2019-Q3,False,False
2019,3,Nunavut,United States,5190000.0,6020.0,862.126245847176,2019-Q3,False,True
2019,4,Nova Scotia,United States,151935000.0,243372.0,624.29120852029,2019-Q4,False,False
2020,2,Quebec,United States,22515000.0,88590.0,254.14832373857095,2020-Q2,True,False
2020,3,New Brunswick,United States,15822000.0,75102.0,210.67348406167613,2020-Q3,True,False
2018,1,British Columbia,Mexico,96699000.0,174132.0,555.3201019915925,2018-Q1,False,False
2018,3,New Brunswick,United States,314232000.0,2158020.0,145.61125476130897,2018-Q3,False,False
2019,2,Ontario,Germany,149772000.0,254802.0,587.7975840064049,2019-Q2,False,False
2019,3,Ontario,India,177045000.0,367488.0,481.7708333333333,2019-Q3,False,False
2019,3,Nunavut,Japan,2565000.0,27.0,95000.0,2019-Q3,False,True
2022,4,Nova Scotia,United States,150087000.0,173928.0,862.926038360701,2022-Q4,True,False
2018,2,Saskatchewan,United States,80430000.0,191106.0,420.8659068789049,2018-Q2,False,False
2018,4,Newfoundland and Labrador,China,3255000.0,72.0,45208.333333333336,2018-Q4,False,False
2018,4,Ontario,Japan,61899000.0,108534.0,570.3189783846536,2018-Q4,False,False
2019,1,Yukon,France,3912000.0,384.0,10187.5,2019-Q1,False,True
2019,2,New Brunswick,India,4470000.0,462.0,9675.324675324675,2019-Q2,False,False
2019,2,Yukon,Mexico,5028000.0,2700.0,1862.2222222222222,2019-Q2,False,True
2023,4,Quebec,United States,1341836976.0,3467070.0,387.02332978566915,2023-Q4,False,False
2018,1,Nova Scotia,Mexico,3453000.0,426.0,8105.633802816901,2018-Q1,False,False
2018,1,Alberta,Mexico,19893000.0,23562.0,844.2831678125796,2018-Q1,False,False
2019,1,Nova Scotia,Germany,5418000.0,1374.0,3943.231441048035,2019-Q1,False,False
2019,2,Ontario,United States,3610629000.0,21266088.0,169.78341291543606,2019-Q2,False,False
2019,3,Alberta,France,65457000.0,25452.0,2571.7821782178216,2019-Q3,False,False
2020,1,Manitoba,United Kingdom,4569000.0,1182.0,3865.4822335025383,2020-Q1,True,False
2020,1,Alberta,Australia,31551000.0,15648.0,2016.2960122699387,2020-Q1,True,False
2020,1,British Columbia,United States,968130000.0,4806102.0,201.43767235901362,2020-Q1,True,False
2019,2,Saskatchewan,China,15465000.0,234.0,66089.7435897436,2019-Q2,False,False
2020,4,Ontario,United States,163818000.0,1124598.0,145.6680520505994,2020-Q4,True,False
2021,3,Manitoba,United States,28830000.0,149994.0,192.2076883075323,2021-Q3,True,False
2021,4,British Columbia,United States,545217000.0,2222154.0,245.3551824040998,2021-Q4,True,False
2018,1,British Columbia,Germany,79269000.0,63600.0,1246.367924528302,2018-Q1,False,False
2018,1,Nunavut,United Kingdom,1683000.0,66.0,25500.0,2018-Q1,False,True
2018,2,Newfoundland and Labrador,Germany,9918000.0,12648.0,784.1555977229601,2018-Q2,False,False
2018,4,Quebec,China,112518000.0,78588.0,1431.7453046266605,2018-Q4,False,False
2019,2,Ontario,United Kingdom,416304000.0,726462.0,573.0568150846156,2019-Q2,False,False
2019,3,British Columbia,Japan,254454000.0,334110.0,761.5875011223849,2019-Q3,False,False
2019,4,Prince Edward Island,United States,77475000.0,318.0,243632.0754716981,2019-Q4,False,True
2020,3,Ontario,United States,166191000.0,1119744.0,148.4187457133059,2020-Q3,True,False
2022,2,Prince Edward Island,United States,45696000.0,1842.0,24807.81758957655,2022-Q2,True,True
2023,1,Prince Edward Island,United States,15045000.0,30.0,501500.0,2023-Q1,False,True
2018,4,Yukon,United States,24123000.0,76932.0,313.5626267352987,2018-Q4,False,True
2019,4,Newfoundland and Labrador,Germany,4146000.0,9378.0,442.09852847088933,2019-Q4,False,False
2019,4,Quebec,Australia,39717000.0,25290.0,1570.4626334519573,2019-Q4,False,False
2020,1,Newfoundland and Labrador,United States,6423000.0,13560.0,473.6725663716814,2020-Q1,True,False
2022,2,Alberta,United States,599910000.0,897858.0,668.1568800411646,2022-Q2,True,False
2018,1,New Brunswick,India,3165000.0,90.0,35166.666666666664,2018-Q1,False,False
2018,3,Quebec,Germany,167211000.0,164028.0,1019.4052234984271,2018-Q3,False,False
2018,3,Ontario,Mexico,189996000.0,335910.0,565.615789943735,2018-Q3,False,False
2019,1,British Columbia,India,19494000.0,88626.0,219.95802586148534,2019-Q1,False,False
2019,3,New Brunswick,Australia,8007000.0,6678.0,1199.0116801437557,2019-Q3,False,False
2018,2,Manitoba,Australia,7833000.0,654.0,11977.064220183487,2018-Q2,False,False
2018,3,Saskatchewan,United Kingdom,18858000.0,624.0,30221.153846153848,2018-Q3,False,False
2018,3,Saskatchewan,Mexico,7515000.0,558.0,13467.741935483871,2018-Q3,False,False
2019,2,New Brunswick,United States,122772000.0,1263828.0,97.14296565671911,2019-Q2,False,False
2019,2,British Columbia,United States,2688642024.0,10531734.0,255.28958707084703,2019-Q2,False,False
2019,3,Saskatchewan,United States,135972000.0,275778.0,493.04875660857647,2019-Q3,False,False
2019,4,Ontario,India,92052000.0,259206.0,355.1306682715678,2019-Q4,False,False
2020,1,Nova Scotia,France,3393000.0,5496.0,617.3580786026201,2020-Q1,True,False
2020,1,New Brunswick,China,4113000.0,78.0,52730.769230769234,2020-Q1,True,False
2020,1,Saskatchewan,France,2178000.0,24.0,90750.0,2020-Q1,True,False
2018,1,Nova Scotia,United States,29295000.0,32652.0,897.1885336273428,2018-Q1,False,False
2018,1,Ontario,Japan,55809000.0,116604.0,478.61994442729235,2018-Q1,False,False
2018,2,Alberta,Japan,43710000.0,23784.0,1837.790110998991,2018-Q2,False,False
2018,3,Ontario,China,752229000.0,670248.0,1122.3144268987003,2018-Q3,False,False
2019,1,New Brunswick,China,13506000.0,222.0,60837.83783783784,2019-Q1,False,False
2019,1,Ontario,China,390795000.0,359262.0,1087.7715984434758,2019-Q1,False,False
2019,3,Manitoba,China,27078000.0,1914.0,14147.335423197492,2019-Q3,False,False
2019,3,Manitoba,Japan,7626000.0,1776.0,4293.918918918919,2019-Q3,False,False
2021,2,Alberta,United States,54900000.0,71238.0,770.6561105028215,2021-Q2,True,False
2022,4,New Brunswick,United States,74247000.0,907854.0,81.7829739143078,2022-Q4,True,False
2023,1,Nova Scotia,United States,45834000.0,15318.0,2992.166079122601,2023-Q1,False,False
2018,1,Ontario,France,58485000.0,97806.0,597.9694497270107,2018-Q1,False,False
2018,2,Nunavut,United States,7983000.0,860.0,9282.558139534884,2018-Q2,False,True
2018,3,Manitoba,United Kingdom,26223000.0,9504.0,2759.15404040404,2018-Q3,False,False
2019,1,British Columbia,China,502209000.0,393840.0,1275.1599634369286,2019-Q1,False,False
2019,3,Newfoundland and Labrador,Japan,3771000.0,165.0,22854.545454545456,2019-Q3,False,False
2019,3,Yukon,France,8784000.0,7194.0,1221.0175145954963,2019-Q3,False,True
2019,4,British Columbia,Mexico,103350000.0,188712.0,547.6599262368053,2019-Q4,False,False
2020,1,Prince Edward Island,United States,8412000.0,60.0,140200.0,2020-Q1,True,True
2020,1,New Brunswick,France,2637000.0,2502.0,1053.9568345323742,2020-Q1,True,False
2022,4,British Columbia,United States,1102278024.0,5436504.0,202.75493662839207,2022-Q4,True,False
2023,4,Prince Edward Island,United States,46416000.0,27324.0,1698.7263943785683,2023-Q4,False,True
2018,2,Manitoba,Germany,10503000.0,1356.0,7745.575221238938,2018-Q2,False,False
2019,3,New Brunswick,France,16905000.0,4254.0,3973.906911142454,2019-Q3,False,False
2019,3,Manitoba,Germany,12420000.0,4284.0,2899.159663865546,2019-Q3,False,False
2019,4,New Brunswick,India,3204000.0,282.0,11361.702127659575,2019-Q4,False,False
2020,2,Manitoba,United States,6885000.0,32442.0,212.22489365637136,2020-Q2,True,False
2022,4,Ontario,United States,1987668024.0,11257662.0,176.56135208180882,2022-Q4,True,False
2018,1,Alberta,China,37932000.0,14352.0,2642.9765886287623,2018-Q1,False,False
2018,1,Alberta,France,21729000.0,5370.0,4046.368715083799,2018-Q1,False,False
2018,1,Yukon,United Kingdom,4173000.0,126.0,33119.04761904762,2018-Q1,False,True
2018,3,New Brunswick,Japan,8379000.0,936.0,8951.923076923076,2018-Q3,False,False
2018,4,Quebec,United Kingdom,51543000.0,99696.0,517.0016851227732,2018-Q4,False,False
2019,1,Saskatchewan,United States,29016000.0,98676.0,294.0532652316673,2019-Q1,False,False
2019,2,New Brunswick,China,22152000.0,576.0,38458.333333333336,2019-Q2,False,False
2019,4,Manitoba,Mexico,4878000.0,3246.0,1502.7726432532347,2019-Q4,False,False
2019,4,Yukon,China,3675000.0,432.0,8506.944444444445,2019-Q4,False,True
2021,1,Quebec,United States,42447000.0,121122.0,350.44830831723385,2021-Q1,True,False
2023,2,Prince Edward Island,United States,66528000.0,384.0,173250.0,2023-Q2,False,True
2018,1,Newfoundland and Labrador,France,5412000.0,1854.0,2919.0938511326863,2018-Q1,False,False
2018,4,Manitoba,France,4428000.0,600.0,7380.0,2018-Q4,False,False
2018,4,Nunavut,United Kingdom,2172000.0,60.0,36200.0,2018-Q4,False,True
2019,4,Newfoundland and Labrador,Australia,3585000.0,1008.0,3556.5476190476193,2019-Q4,False,False
2019,4,Nova Scotia,China,12951000.0,882.0,14683.673469387755,2019-Q4,False,False
2019,4,Saskatchewan,France,3297000.0,144.0,22895.833333333332,2019-Q4,False,False
2018,4,Saskatchewan,Australia,4347000.0,522.0,8327.586206896553,2018-Q4,False,False
2019,1,Saskatchewan,France,3444000.0,144.0,23916.666666666668,2019-Q1,False,False
2019,3,Yukon,China,7752000.0,11898.0,651.5380736258195,2019-Q3,False,True
2019,3,Yukon,Germany,20697000.0,53136.0,389.50993676603434,2019-Q3,False,True
2019,4,Alberta,China,97818000.0,8724.0,11212.51719394773,2019-Q4,False,False
2019,4,Alberta,Australia,61002000.0,24732.0,2466.5211062590975,2019-Q4,False,False
2019,4,Yukon,India,2178000.0,52.0,41884.61538461538,2019-Q4,False,True
2020,1,Alberta,United Kingdom,59253000.0,65688.0,902.0369017172086,2020-Q1,True,False
2018,1,Nova Scotia,Japan,3399000.0,480.0,7081.25,2018-Q1,False,False
2018,1,New Brunswick,Mexico,4551000.0,42.0,108357.14285714286,2018-Q1,False,False
2018,1,Manitoba,China,10782000.0,216.0,49916.666666666664,2018-Q1,False,False
2018,1,Alberta,Australia,42621000.0,15900.0,2680.566037735849,2018-Q1,False,False
2018,2,New Brunswick,Germany,8076000.0,7188.0,1123.5392320534224,2018-Q2,False,False
2018,3,Newfoundland and Labrador,Australia,11766000.0,11700.0,1005.6410256410256,2018-Q3,False,False
2019,3,Newfoundland and Labrador,United Kingdom,20283000.0,57024.0,355.69234006734007,2019-Q3,False,False
2018,1,Quebec,Japan,16251000.0,6906.0,2353.171155516942,2018-Q1,False,False
2018,3,Ontario,Germany,285000000.0,366060.0,778.5608916571053,2018-Q3,False,False
2018,3,Yukon,France,9465000.0,4806.0,1969.4132334581773,2018-Q3,False,True
2018,4,Alberta,India,14061000.0,17820.0,789.057239057239,2018-Q4,False,False
2019,2,Ontario,Mexico,178254000.0,385338.0,462.59128349656663,2019-Q2,False,False
2019,4,Nova Scotia,Japan,4158000.0,1014.0,4100.591715976331,2019-Q4,False,False
2019,4,Quebec,China,103257000.0,58254.0,1772.5306416726748,2019-Q4,False,False
2020,1,New Brunswick,Japan,1998000.0,108.0,18500.0,2020-Q1,True,False
2018,2,New Brunswick,India,6372000.0,120.0,53100.0,2018-Q2,False,False
2018,2,Ontario,United Kingdom,277191000.0,541662.0,511.7416396202798,2018-Q2,False,False
2019,1,Manitoba,Japan,4893000.0,1002.0,4883.233532934131,2019-Q1,False,False
2019,4,Ontario,China,464406000.0,383766.0,1210.1280467785057,2019-Q4,False,False
2020,1,Nova Scotia,Australia,2598000.0,228.0,11394.736842105263,2020-Q1,True,False
2018,2,Saskatchewan,Mexico,4995000.0,432.0,11562.5,2018-Q2,False,False
2019,1,Ontario,Germany,67584000.0,102672.0,658.2515194015896,2019-Q1,False,False
2019,2,Nova Scotia,United Kingdom,29979000.0,20106.0,1491.047448522829,2019-Q2,False,False
2019,3,Ontario,China,729477000.0,773484.0,943.1054811734955,2019-Q3,False,False
2019,4,Ontario,Germany,100596000.0,170538.0,589.8743974949865,2019-Q4,False,False
2019,1,British Columbia,Mexico,130944000.0,186750.0,701.1726907630522,2019-Q1,False,False
2019,3,Nova Scotia,United Kingdom,60081000.0,63504.0,946.0978835978837,2019-Q3,False,False
2019,3,Saskatchewan,France,5784000.0,408.0,14176.470588235294,2019-Q3,False,False
2019,4,Alberta,Japan,23070000.0,13194.0,1748.5220554797636,2019-Q4,False,False
2018,1,Nova Scotia,China,10140000.0,378.0,26825.396825396827,2018-Q1,False,False
2018,2,Yukon,United States,270543000.0,737796.0,366.6907925768098,2018-Q2,False,True
2019,1,Nova Scotia,China,15660000.0,648.0,24166.666666666668,2019-Q1,False,False
2019,3,Manitoba,India,6513000.0,1818.0,3582.5082508250825,2019-Q3,False,False
2019,4,Newfoundland and Labrador,Japan,2979000.0,102.0,29205.882352941175,2019-Q4,False,False
2021,2,Nova Scotia,United States,12909000.0,336.0,38419.642857142855,2021-Q2,True,False
2023,3,Saskatchewan,United States,115440000.0,213918.0,539.6460325919278,2023-Q3,False,False
2018,1,Nova Scotia,India,3009000.0,228.0,13197.368421052632,2018-Q1,False,False
2018,2,Nova Scotia,Mexico,5841000.0,1272.0,4591.981132075472,2018-Q2,False,False
2018,3,Manitoba,China,29706000.0,1944.0,15280.864197530864,2018-Q3,False,False
2018,4,Nova Scotia,United States,169053000.0,246558.0,685.6520575280462,2018-Q4,False,False
2019,1,Ontario,India,71715000.0,161436.0,444.2317698654575,2019-Q1,False,False
2019,1,Saskatchewan,Mexico,3510000.0,522.0,6724.137931034483,2019-Q1,False,False
2019,1,Alberta,United Kingdom,71787000.0,68472.0,1048.4139502278304,2019-Q1,False,False
2019,3,British Columbia,India,62439000.0,245958.0,253.8604151928378,2019-Q3,False,False
2019,4,Yukon,United Kingdom,4554000.0,366.0,12442.622950819672,2019-Q4,False,True
2020,2,Alberta,United States,25500000.0,47166.0,540.6436840096679,2020-Q2,True,False
2020,4,New Brunswick,United States,6675000.0,62484.0,106.82734780103706,2020-Q4,True,False
2023,3,New Brunswick,United States,415776000.0,1881060.0,221.032821919556,2023-Q3,False,False
2018,1,Quebec,China,72804000.0,52758.0,1379.961332878426,2018-Q1,False,False
2018,2,Nova Scotia,Japan,6435000.0,5148.0,1250.0,2018-Q2,False,False
2018,3,Manitoba,Australia,13893000.0,3060.0,4540.196078431372,2018-Q3,False,False
2018,3,Alberta,Japan,85380000.0,49272.0,1732.8300048709207,2018-Q3,False,False
2018,4,British Columbia,United Kingdom,144189000.0,164538.0,876.3264413083907,2018-Q4,False,False
2019,3,Manitoba,France,6696000.0,1470.0,4555.102040816327,2019-Q3,False,False
2020,1,Quebec,United Kingdom,41337000.0,47616.0,868.132560483871,2020-Q1,True,False
2020,1,Nunavut,United States,3159000.0,200.0,15795.0,2020-Q1,True,True
2021,1,Manitoba,United States,5133000.0,36168.0,141.92103516921034,2021-Q1,True,False
2021,4,Prince Edward Island,United States,37782000.0,42.0,899571.4285714285,2021-Q4,True,True
2022,3,British Columbia,United States,2662479024.0,10518666.0,253.1194567828278,2022-Q3,True,False
2018,3,Yukon,United States,243027000.0,1326234.0,183.2459430236293,2018-Q3,False,True
2018,4,British Columbia,Australia,231138000.0,268584.0,860.5799303011348,2018-Q4,False,False
2019,2,British Columbia,Australia,302229000.0,447942.0,674.7056538569725,2019-Q2,False,False
2019,4,Quebec,United States,1065849000.0,3550680.0,300.1816553448917,2019-Q4,False,False
2019,4,Manitoba,Australia,7194000.0,2202.0,3267.0299727520437,2019-Q4,False,False
2020,1,Saskatchewan,United States,20190000.0,80910.0,249.53652206154987,2020-Q1,True,False
2018,2,Ontario,United States,3326060976.0,20358780.0,163.37231287925897,2018-Q2,False,False
2018,2,Saskatchewan,Germany,7509000.0,414.0,18137.681159420288,2018-Q2,False,False
2018,2,Alberta,France,38520000.0,10182.0,3783.146729522687,2018-Q2,False,False
2018,2,British Columbia,Mexico,182895000.0,203406.0,899.1622665998053,2018-Q2,False,False
2018,2,Nunavut,France,1824000.0,24.0,76000.0,2018-Q2,False,True
2018,3,Saskatchewan,Australia,16626000.0,528.0,31488.636363636364,2018-Q3,False,False
2018,3,Nunavut,United Kingdom,4008000.0,580.0,6910.3448275862065,2018-Q3,False,True
2019,1,Saskatchewan,China,7995000.0,294.0,27193.877551020407,2019-Q1,False,False
2019,1,Alberta,Australia,55065000.0,17082.0,3223.568668774148,2019-Q1,False,False
2019,3,Newfoundland and Labrador,Mexico,3150000.0,845.0,3727.810650887574,2019-Q3,False,False
2019,3,Saskatchewan,United Kingdom,20277000.0,2400.0,8448.75,2019-Q3,False,False
2020,1,British Columbia,Japan,43998000.0,110202.0,399.24865247454676,2020-Q1,True,False
2020,1,Yukon,Germany,3204000.0,72.0,44500.0,2020-Q1,True,True
2022,1,British Columbia,United States,514098000.0,2062356.0,249.27704043336843,2022-Q1,True,False
2022,3,Prince Edward Island,United States,111117000.0,24894.0,4463.605688117619,2022-Q3,True,True
2018,2,Nova Scotia,United Kingdom,20628000.0,38274.0,538.9559492083399,2018-Q2,False,False
2018,2,Manitoba,France,5286000.0,234.0,22589.74358974359,2018-Q2,False,False
2018,3,Prince Edward Island,United States,158148000.0,1914.0,82626.9592476489,2018-Q3,False,True
2018,3,Quebec,United States,2010297048.0,5633610.0,356.83993886690774,2018-Q3,False,False
2019,2,Saskatchewan,France,21855000.0,228.0,95855.26315789473,2019-Q2,False,False
2019,3,Newfoundland and Labrador,China,6051000.0,618.0,9791.26213592233,2019-Q3,False,False
2020,1,Manitoba,India,2325000.0,222.0,10472.972972972973,2020-Q1,True,False
2018,4,Newfoundland and Labrador,United Kingdom,5235000.0,8598.0,608.8625261688765,2018-Q4,False,False
2019,1,British Columbia,Australia,278583000.0,242586.0,1148.3886126981772,2019-Q1,False,False
2019,2,Prince Edward Island,United States,67734000.0,402.0,168492.53731343284,2019-Q2,False,True
2019,4,Alberta,United States,467199000.0,921792.0,506.8377681732972,2019-Q4,False,False
2020,1,Manitoba,Mexico,2664000.0,3228.0,825.2788104089219,2020-Q1,True,False
2020,4,Nova Scotia,United States,13968000.0,618.0,22601.941747572815,2020-Q4,True,False
2021,3,Nova Scotia,United States,99036000.0,4200.0,23580.0,2021-Q3,True,False
2018,1,Alberta,India,20040000.0,11928.0,1680.0804828973844,2018-Q1,False,False
2019,1,New Brunswick,Mexico,3915000.0,96.0,40781.25,2019-Q1,False,False
2019,1,Alberta,China,69114000.0,12810.0,5395.316159250586,2019-Q1,False,False
2019,1,British Columbia,Germany,75567000.0,59088.0,1278.8891145410234,2019-Q1,False,False
2019,1,Nunavut,United States,3150000.0,215.0,14651.162790697674,2019-Q1,False,True
2019,2,Manitoba,India,5862000.0,1410.0,4157.446808510638,2019-Q2,False,False
2019,2,Saskatchewan,Mexico,4557000.0,480.0,9493.75,2019-Q2,False,False
2019,3,Newfoundland and Labrador,United States,161010000.0,94884.0,1696.9141267231566,2019-Q3,False,False
2019,4,British Columbia,United Kingdom,143631000.0,171174.0,839.0935539275824,2019-Q4,False,False
2018,1,Newfoundland and Labrador,Australia,3150000.0,114.0,27631.57894736842,2018-Q1,False,False
2018,4,British Columbia,Germany,46500000.0,65070.0,714.6150299677271,2018-Q4,False,False
2019,1,Alberta,Germany,36378000.0,29820.0,1219.9195171026156,2019-Q1,False,False
2019,3,Ontario,United Kingdom,553131000.0,1139574.0,485.3840119202439,2019-Q3,False,False
2019,3,Ontario,Mexico,198675000.0,451074.0,440.4487955413081,2019-Q3,False,False
2019,4,New Brunswick,Japan,3165000.0,1272.0,2488.2075471698113,2019-Q4,False,False
2021,4,Ontario,United States,1010157000.0,4684932.0,215.61828432088234,2021-Q4,True,False
2022,4,Alberta,United States,432378000.0,670128.0,645.2170331638134,2022-Q4,True,False
2018,1,New Brunswick,France,6909000.0,66.0,104681.81818181818,2018-Q1,False,False
2018,2,British Columbia,Japan,104001000.0,169878.0,612.2099388973263,2018-Q2,False,False
2018,4,Nova Scotia,Germany,14142000.0,20892.0,676.9098219414129,2018-Q4,False,False
2018,4,Yukon,Mexico,3426000.0,90.0,38066.666666666664,2018-Q4,False,True
2019,2,New Brunswick,Japan,4761000.0,168.0,28339.285714285714,2019-Q2,False,False
2019,3,Nunavut,Germany,2253000.0,2295.0,981.6993464052288,2019-Q3,False,True
2019,4,New Brunswick,China,8757000.0,906.0,9665.562913907284,2019-Q4,False,False
2019,4,Manitoba,United States,118077000.0,423618.0,278.73461467643017,2019-Q4,False,False
2019,4,Manitoba,India,4080000.0,636.0,6415.094339622641,2019-Q4,False,False
2023,1,Newfoundland and Labrador,United States,7038000.0,5412.0,1300.4434589800444,2023-Q1,False,False
2023,2,Newfoundland and Labrador,United States,18366000.0,15654.0,1173.2464545802989,2023-Q2,False,False
2023,3,British Columbia,United States,4336527072.0,14453802.0,300.0267384318673,2023-Q3,False,False
2018,1,Newfoundland and Labrador,United Kingdom,5232000.0,5244.0,997.7116704805492,2018-Q1,False,False
2018,2,Yukon,Australia,7119000.0,22704.0,313.5570824524313,2018-Q2,False,True
2018,3,Ontario,United Kingdom,504150000.0,899628.0,560.3982979631581,2018-Q3,False,False
2019,1,Quebec,United States,921087024.0,2638518.0,349.0925678733289,2019-Q1,False,False
2019,3,Manitoba,United States,133917000.0,783408.0,170.94157833466087,2019-Q3,False,False
2019,4,Manitoba,Germany,5388000.0,1470.0,3665.3061224489797,2019-Q4,False,False
2020,1,Ontario,Japan,35865000.0,49848.0,719.4872412132884,2020-Q1,True,False
2023,1,Ontario,United States,1326750000.0,8449848.0,157.01465872522203,2023-Q1,False,False
2018,1,Quebec,United States,809538000.0,2647356.0,305.7911365150739,2018-Q1,False,False
2018,2,British Columbia,France,55398000.0,57432.0,964.5842039281237,2018-Q2,False,False
2018,3,New Brunswick,United Kingdom,17226000.0,24366.0,706.968726914553,2018-Q3,False,False
2018,3,Alberta,France,73794000.0,15210.0,4851.676528599605,2018-Q3,False,False
2018,4,Newfoundland and Labrador,Australia,2973000.0,1122.0,2649.7326203208554,2018-Q4,False,False
2019,1,Nova Scotia,United States,41997000.0,32952.0,1274.4901675163874,2019-Q1,False,False
2019,1,Quebec,China,91263000.0,53910.0,1692.877017250974,2019-Q1,False,False
2019,2,British Columbia,India,46305000.0,308256.0,150.21605418872625,2019-Q2,False,False
2019,2,Yukon,United Kingdom,9183000.0,20286.0,452.6767228630583,2019-Q2,False,True
2019,2,Nunavut,Germany,2967000.0,255.0,11635.29411764706,2019-Q2,False,True
2020,1,Saskatchewan,Germany,2526000.0,162.0,15592.592592592593,2020-Q1,True,False
2023,1,Quebec,United States,879006000.0,2269722.0,387.27474113569855,2023-Q1,False,False
2018,3,Newfoundland and Labrador,Japan,5724000.0,234.0,24461.53846153846,2018-Q3,False,False
2018,3,Saskatchewan,Japan,7377000.0,186.0,39661.290322580644,2018-Q3,False,False
2018,4,New Brunswick,United States,121944000.0,1085418.0,112.34750114702355,2018-Q4,False,False
2018,4,Yukon,Germany,3183000.0,402.0,7917.910447761194,2018-Q4,False,True
2019,2,Nova Scotia,France,9192000.0,9954.0,923.4478601567209,2019-Q2,False,False
2019,3,Alberta,India,37923000.0,15012.0,2526.1790567545963,2019-Q3,False,False
2019,4,Newfoundland and Labrador,China,3423000.0,234.0,14628.205128205129,2019-Q4,False,False
2020,1,New Brunswick,United Kingdom,3186000.0,234.0,13615.384615384615,2020-Q1,True,False
2020,1,British Columbia,Mexico,68364000.0,164436.0,415.7483762679705,2020-Q1,True,False
2018,3,British Columbia,Japan,177915000.0,312264.0,569.7582814541541,2018-Q3,False,False
2018,4,New Brunswick,Japan,3207000.0,786.0,4080.1526717557254,2018-Q4,False,False
2018,4,British Columbia,China,540921000.0,380232.0,1422.6077763049927,2018-Q4,False,False
2019,1,Manitoba,Mexico,3987000.0,1974.0,2019.756838905775,2019-Q1,False,False
2019,1,Yukon,United States,21831000.0,48336.0,451.6509433962264,2019-Q1,False,True
2019,2,Saskatchewan,Australia,6342000.0,444.0,14283.783783783783,2019-Q2,False,False
2019,3,Nova Scotia,Australia,18141000.0,8430.0,2151.9572953736656,2019-Q3,False,False
2019,3,Nunavut,China,2112000.0,30.0,70400.0,2019-Q3,False,True
2020,1,Newfoundland and Labrador,Germany,3171000.0,3054.0,1038.3104125736738,2020-Q1,True,False
2020,1,Yukon,China,2751000.0,42.0,65500.0,2020-Q1,True,True
2023,3,Ontario,United States,5094414048.0,22617492.0,225.24221730685258,2023-Q3,False,False
2018,2,Newfoundland and Labrador,United States,58761000.0,32568.0,1804.255711127487,2018-Q2,False,False
2018,2,Newfoundland and Labrador,United Kingdom,18957000.0,14322.0,1323.6279849183074,2018-Q2,False,False
2018,2,Alberta,Germany,95907000.0,51192.0,1873.4763244256915,2018-Q2,False,False
2018,3,Yukon,Japan,9309000.0,2004.0,4645.209580838324,2018-Q3,False,True
2018,4,Alberta,United States,340863000.0,888588.0,383.60072384502155,2018-Q4,False,False
2019,2,Alberta,Australia,114894000.0,30978.0,3708.8901801278325,2019-Q2,False,False
2019,3,Yukon,United Kingdom,16953000.0,25956.0,653.1437817845584,2019-Q3,False,True
2018,1,Newfoundland and Labrador,United States,12807000.0,14190.0,902.5369978858351,2018-Q1,False,False
2018,2,British Columbia,China,635130000.0,548928.0,1157.0369884575027,2018-Q2,False,False
2018,3,Quebec,Australia,97833000.0,42366.0,2309.2338195722987,2018-Q3,False,False
2018,4,Newfoundland and Labrador,United States,56865000.0,33432.0,1700.9152907394114,2018-Q4,False,False
2019,2,Alberta,China,103569000.0,23130.0,4477.69130998703,2019-Q2,False,False
2019,3,Quebec,China,238206000.0,121056.0,1967.7339413164154,2019-Q3,False,False
2019,4,Newfoundland and Labrador,Mexico,3348000.0,756.0,4428.571428571428,2019-Q4,False,False
2019,4,Nova Scotia,United Kingdom,10395000.0,16194.0,641.9044090403853,2019-Q4,False,False
2019,4,Alberta,United Kingdom,83793000.0,74112.0,1130.6266191709844,2019-Q4,False,False
2020,1,Manitoba,United States,35637000.0,320268.0,111.27243433624339,2020-Q1,True,False
2020,1,Manitoba,Australia,3294000.0,1224.0,2691.176470588235,2020-Q1,True,False
2020,1,Saskatchewan,India,2262000.0,54.0,41888.88888888889,2020-Q1,True,False
2018,1,New Brunswick,United Kingdom,6540000.0,60.0,109000.0,2018-Q1,False,False
2018,2,Manitoba,India,6204000.0,708.0,8762.71186440678,2018-Q2,False,False
2018,4,Manitoba,China,26664000.0,1602.0,16644.19475655431,2018-Q4,False,False
2019,2,Nova Scotia,India,4815000.0,912.0,5279.605263157895,2019-Q2,False,False
2020,1,New Brunswick,India,2031000.0,90.0,22566.666666666668,2020-Q1,True,False
2018,1,British Columbia,Australia,232563000.0,233856.0,994.4709564860427,2018-Q1,False,False
2018,3,Nova Scotia,United States,544185000.0,548112.0,992.8354059024433,2018-Q3,False,False
2018,4,Saskatchewan,United States,60771000.0,148998.0,407.8645350944308,2018-Q4,False,False
2018,4,Alberta,United Kingdom,63897000.0,71454.0,894.2396506843563,2018-Q4,False,False
2019,3,New Brunswick,Mexico,4890000.0,4092.0,1195.0146627565982,2019-Q3,False,False
2019,4,Quebec,Mexico,77898000.0,133362.0,584.1094164754578,2019-Q4,False,False
2019,4,Ontario,Australia,88062000.0,92514.0,951.877553667553,2019-Q4,False,False
2020,1,New Brunswick,Mexico,2145000.0,114.0,18815.78947368421,2020-Q1,True,False
2020,1,Quebec,United States,695214000.0,2208876.0,314.7365447404019,2020-Q1,True,False
2021,2,New Brunswick,United States,10002000.0,51798.0,193.09625854280088,2021-Q2,True,False
2021,3,Newfoundland and Labrador,United States,28278000.0,8874.0,3186.612576064909,2021-Q3,True,False
2022,2,Ontario,United States,2132955000.0,10213374.0,208.8394099736287,2022-Q2,True,False
2023,3,Manitoba,United States,241488000.0,692634.0,348.6516688467502,2023-Q3,False,False
2018,1,Quebec,United Kingdom,45765000.0,67944.0,673.5694101024372,2018-Q1,False,False
2019,1,Yukon,Germany,5253000.0,198.0,26530.303030303032,2019-Q1,False,True
2019,3,New Brunswick,Germany,14232000.0,18216.0,781.2911725955204,2019-Q3,False,False
2021,2,Quebec,United States,63459000.0,162456.0,390.622691682671,2021-Q2,True,False
2021,4,New Brunswick,United States,34299000.0,151632.0,226.19895536562203,2021-Q4,True,False
2022,2,Saskatchewan,United States,62733000.0,88758.0,706.7869938484419,2022-Q2,True,False
2018,2,Nova Scotia,India,5217000.0,1350.0,3864.4444444444443,2018-Q2,False,False
2018,2,Alberta,India,43965000.0,37386.0,1175.9749638902263,2018-Q2,False,False
2018,2,Yukon,United Kingdom,7785000.0,14766.0,527.2247054043072,2018-Q2,False,True
2018,3,Newfoundland and Labrador,India,4707000.0,852.0,5524.647887323944,2018-Q3,False,False
2018,4,Nova Scotia,Mexico,8976000.0,1812.0,4953.64238410596,2018-Q4,False,False
2019,2,Quebec,Mexico,131187000.0,170088.0,771.2889798222096,2019-Q2,False,False
2019,2,Ontario,Australia,121815000.0,113508.0,1073.1842689502062,2019-Q2,False,False
2023,2,British Columbia,United States,3124074000.0,10382202.0,300.90668626944455,2023-Q2,False,False
2018,1,Prince Edward Island,Germany,2733000.0,24.0,113875.0,2018-Q1,False,True
2018,1,British Columbia,India,16410000.0,77118.0,212.79078814284603,2018-Q1,False,False
2018,2,Saskatchewan,China,19983000.0,102.0,195911.76470588235,2018-Q2,False,False
2018,2,British Columbia,United States,2335160976.0,9879978.0,236.35285179784813,2018-Q2,False,False
2018,3,Nunavut,Germany,3444000.0,1368.0,2517.5438596491226,2018-Q3,False,True
2018,4,Newfoundland and Labrador,Mexico,2607000.0,1050.0,2482.8571428571427,2018-Q4,False,False
2019,4,Alberta,India,15207000.0,7794.0,1951.1162432640492,2019-Q4,False,False
2018,2,Yukon,India,3258000.0,5520.0,590.2173913043479,2018-Q2,False,True
2018,2,Nunavut,Germany,1926000.0,54.0,35666.666666666664,2018-Q2,False,True
2018,4,Newfoundland and Labrador,India,2211000.0,355.0,6228.169014084507,2018-Q4,False,False
2019,1,Yukon,Japan,4089000.0,36.0,113583.33333333333,2019-Q1,False,True
2019,2,Manitoba,China,28800000.0,1386.0,20779.22077922078,2019-Q2,False,False
2022,3,Nova Scotia,United States,414867000.0,348144.0,1191.6534537432785,2022-Q3,True,False
2022,4,Manitoba,United States,106500000.0,312840.0,340.4296125815113,2022-Q4,True,False
2023,4,Ontario,United States,2528106024.0,13436160.0,188.15688589597028,2023-Q4,False,False
2018,1,Quebec,India,16194000.0,12336.0,1312.7431906614786,2018-Q1,False,False
2018,1,British Columbia,United States,1363506000.0,5880888.0,231.85376086060472,2018-Q1,False,False
2019,3,New Brunswick,China,14364000.0,1920.0,7481.25,2019-Q3,False,False
2019,4,Ontario,France,60579000.0,143136.0,423.226861167002,2019-Q4,False,False
2020,1,Ontario,United States,1203776976.0,9870798.0,121.95335939404292,2020-Q1,True,False
2023,2,New Brunswick,United States,125955000.0,928932.0,135.59119504979913,2023-Q2,False,False
2018,2,New Brunswick,United States,74109000.0,1239378.0,59.79531668304585,2018-Q2,False,False
2018,3,Yukon,Mexico,9009000.0,5685.0,1584.6965699208442,2018-Q3,False,True
2019,2,Saskatchewan,Germany,6747000.0,468.0,14416.666666666666,2019-Q2,False,False
2019,4,Quebec,United Kingdom,77925000.0,92442.0,842.9609917569936,2019-Q4,False,False
2019,4,Manitoba,China,19872000.0,1038.0,19144.50867052023,2019-Q4,False,False
2019,4,Nunavut,United States,2166000.0,363.0,5966.94214876033,2019-Q4,False,True
2020,1,Saskatchewan,China,5805000.0,120.0,48375.0,2020-Q1,True,False
2022,4,Prince Edward Island,United States,65265000.0,22626.0,2884.513391673296,2022-Q4,True,True
2018,2,New Brunswick,China,8682000.0,246.0,35292.68292682927,2018-Q2,False,False
2018,3,New Brunswick,India,8994000.0,282.0,31893.617021276597,2018-Q3,False,False
2018,4,Yukon,France,2592000.0,190.0,13642.105263157895,2018-Q4,False,True
2019,3,Manitoba,United Kingdom,26418000.0,14994.0,1761.904761904762,2019-Q3,False,False
2021,1,Prince Edward Island,United States,2235000.0,72.0,31041.666666666668,2021-Q1,True,True
2023,2,Nova Scotia,United States,265149000.0,219984.0,1205.3103862099063,2023-Q2,False,False
2023,2,Ontario,United States,4214400000.0,16692828.0,252.46770649047602,2023-Q2,False,False
2018,3,New Brunswick,Mexico,11748000.0,2700.0,4351.111111111111,2018-Q3,False,False
2018,3,Saskatchewan,United States,180372000.0,257724.0,699.8649718303301,2018-Q3,False,False
2018,3,Yukon,Australia,11757000.0,29694.0,395.93857344918166,2018-Q3,False,True
2019,2,Ontario,China,428244000.0,473826.0,903.8001291613377,2019-Q2,False,False
2023,3,Alberta,United States,2445989952.0,2312310.0,1057.812296794115,2023-Q3,False,False
2018,3,Ontario,Australia,160443000.0,137160.0,1169.750656167979,2018-Q3,False,False
2019,1,Newfoundland and Labrador,France,6603000.0,1752.0,3768.8356164383563,2019-Q1,False,False
2020,1,New Brunswick,Australia,2091000.0,96.0,21781.25,2020-Q1,True,False
2020,4,Newfoundland and Labrador,United States,4950000.0,3576.0,1384.2281879194632,2020-Q4,True,False
2021,1,Saskatchewan,United States,3570000.0,11472.0,311.1924686192469,2021-Q1,True,False
2022,2,New Brunswick,United States,77319000.0,500172.0,154.5848228209496,2022-Q2,True,False
2022,4,Quebec,United States,956028000.0,2939538.0,325.23069951808753,2022-Q4,True,False
2018,1,Manitoba,Germany,4272000.0,1080.0,3955.5555555555557,2018-Q1,False,False
2018,1,Yukon,Australia,4119000.0,132.0,31204.545454545456,2018-Q1,False,True
2018,2,Quebec,United Kingdom,83325000.0,107082.0,778.1419846472796,2018-Q2,False,False
2018,4,Newfoundland and Labrador,France,5778000.0,2574.0,2244.755244755245,2018-Q4,False,False
2018,4,Alberta,France,16551000.0,6390.0,2590.1408450704225,2018-Q4,False,False
2019,2,Manitoba,Japan,5712000.0,1182.0,4832.48730964467,2019-Q2,False,False
2019,3,Prince Edward Island,United States,154809000.0,1482.0,104459.5141700405,2019-Q3,False,True
2019,3,Quebec,Mexico,147063000.0,191562.0,767.7044507783381,2019-Q3,False,False
2019,4,Saskatchewan,United States,93750000.0,157662.0,594.6264794306808,2019-Q4,False,False
2020,1,Alberta,France,12321000.0,5808.0,2121.384297520661,2020-Q1,True,False
2020,3,Nova Scotia,United States,16500000.0,1092.0,15109.89010989011,2020-Q3,True,False
2018,4,Nova Scotia,Japan,3867000.0,1092.0,3541.2087912087914,2018-Q4,False,False
2018,4,New Brunswick,Mexico,5673000.0,900.0,6303.333333333333,2018-Q4,False,False
2018,4,Saskatchewan,India,3093000.0,258.0,11988.372093023256,2018-Q4,False,False
2019,3,Nunavut,Australia,2217000.0,900.0,2463.3333333333335,2019-Q3,False,True
2019,4,New Brunswick,Mexico,3414000.0,2028.0,1683.4319526627219,2019-Q4,False,False
2018,2,Quebec,Mexico,110055000.0,109590.0,1004.2430878729812,2018-Q2,False,False
2019,2,Nova Scotia,Mexico,5373000.0,1956.0,2746.9325153374234,2019-Q2,False,False
2019,2,Yukon,India,2151000.0,3582.0,600.5025125628141,2019-Q2,False,True
2020,1,Ontario,Mexico,47271000.0,172152.0,274.5887355360379,2020-Q1,True,False
2021,3,Quebec,United States,341427000.0,896490.0,380.848643041194,2021-Q3,True,False
2018,4,British Columbia,India,17703000.0,75558.0,234.29683157309617,2018-Q4,False,False
2019,1,New Brunswick,Germany,4431000.0,360.0,12308.333333333334,2019-Q1,False,False
2019,1,Quebec,Germany,33018000.0,50148.0,658.4111031347212,2019-Q1,False,False
2019,1,Yukon,Mexico,4857000.0,78.0,62269.230769230766,2019-Q1,False,True
2019,2,Quebec,United Kingdom,109359000.0,120270.0,909.279121975555,2019-Q2,False,False
2023,1,Saskatchewan,United States,27603000.0,53448.0,516.4458913336327,2023-Q1,False,False
2018,2,Saskatchewan,France,5790000.0,48.0,120625.0,2018-Q2,False,False
2018,4,Quebec,Mexico,79734000.0,104856.0,760.4142824444953,2018-Q4,False,False
2019,1,Nunavut,Germany,2094000.0,114.0,18368.42105263158,2019-Q1,False,True
2019,2,Alberta,France,36606000.0,10476.0,3494.2726231386027,2019-Q2,False,False
2019,3,British Columbia,Mexico,239736000.0,333276.0,719.3317250567097,2019-Q3,False,False
2020,1,Saskatchewan,Japan,2376000.0,90.0,26400.0,2020-Q1,True,False
2022,2,Manitoba,United States,99135000.0,294912.0,336.151123046875,2022-Q2,True,False
2018,2,Ontario,France,111018000.0,135246.0,820.8597666474425,2018-Q2,False,False
2018,3,Saskatchewan,Germany,11799000.0,510.0,23135.29411764706,2018-Q3,False,False
2018,3,Alberta,Australia,205635000.0,37608.0,5467.852584556477,2018-Q3,False,False
2019,1,Newfoundland and Labrador,Australia,3882000.0,72.0,53916.666666666664,2019-Q1,False,False
2019,1,Ontario,France,62397000.0,92394.0,675.3360607831677,2019-Q1,False,False
2019,2,Alberta,Mexico,35727000.0,36396.0,981.6188592152984,2019-Q2,False,False
2019,3,Saskatchewan,Germany,10335000.0,852.0,12130.281690140846,2019-Q3,False,False
2020,2,Saskatchewan,United States,4572000.0,21420.0,213.4453781512605,2020-Q2,True,False
2021,2,Ontario,United States,156291000.0,1120668.0,139.46235638030174,2021-Q2,True,False
2022,1,Newfoundland and Labrador,United States,4512000.0,4548.0,992.084432717678,2022-Q1,True,False
2018,1,Alberta,Japan,17319000.0,10188.0,1699.9411071849233,2018-Q1,False,False
2018,4,Alberta,Germany,33309000.0,21690.0,1535.6846473029045,2018-Q4,False,False
2019,1,Ontario,United Kingdom,123144000.0,298254.0,412.88297893741577,2019-Q1,False,False
2019,4,Quebec,India,18504000.0,12672.0,1460.2272727272727,2019-Q4,False,False
2022,3,Saskatchewan,United States,95526000.0,128334.0,744.3545747814297,2022-Q3,True,False
2018,1,Manitoba,United Kingdom,7173000.0,462.0,15525.974025974027,2018-Q1,False,False
2018,2,Ontario,India,114141000.0,361224.0,315.98398777489865,2018-Q2,False,False
2019,3,Ontario,Germany,298953000.0,413970.0,722.161026161316,2019-Q3,False,False
2019,3,Ontario,Australia,137742000.0,147432.0,934.2747843073416,2019-Q3,False,False
2019,4,Yukon,Australia,4446000.0,582.0,7639.1752577319585,2019-Q4,False,True
2021,2,Prince Edward Island,United States,5778000.0,30.0,192600.0,2021-Q2,True,True
2023,2,Saskatchewan,United States,70713000.0,143496.0,492.7872553938786,2023-Q2,False,False
2018,1,Ontario,United States,1656738048.0,12501024.0,132.52818713091023,2018-Q1,False,False
2018,3,Nova Scotia,China,27501000.0,2832.0,9710.805084745763,2018-Q3,False,False
2019,3,Nova Scotia,India,5412000.0,1098.0,4928.96174863388,2019-Q3,False,False
2019,4,Nova Scotia,Mexico,4014000.0,1284.0,3126.1682242990655,2019-Q4,False,False
2019,4,British Columbia,Australia,190743000.0,256236.0,744.4035966843066,2019-Q4,False,False
2021,4,Manitoba,United States,54450000.0,152802.0,356.3435033572859,2021-Q4,True,False
2023,1,Alberta,United States,268293000.0,560118.0,478.99371203924886,2023-Q1,False,False
2023,2,Quebec,United States,1678143000.0,3742350.0,448.4195759349072,2023-Q2,False,False
2018,2,Quebec,Japan,33606000.0,22974.0,1462.7840167145469,2018-Q2,False,False
2018,2,Ontario,China,378027000.0,397884.0,950.0934945863619,2018-Q2,False,False
2018,3,Quebec,China,152700000.0,146496.0,1042.3492791612057,2018-Q3,False,False
2018,4,Saskatchewan,France,3033000.0,96.0,31593.75,2018-Q4,False,False
2018,4,British Columbia,United States,1277511024.0,6768450.0,188.74498947321766,2018-Q4,False,False
2019,1,Manitoba,United Kingdom,7908000.0,792.0,9984.848484848484,2019-Q1,False,False
2019,3,Alberta,United States,1372467000.0,2222262.0,617.5990949761999,2019-Q3,False,False
2019,3,Yukon,Japan,7899000.0,4422.0,1786.2957937584804,2019-Q3,False,True
2019,4,Ontario,United States,2425074000.0,16722432.0,145.01921730045007,2019-Q4,False,False
2020,1,Ontario,France,37722000.0,71304.0,529.0306294177045,2020-Q1,True,False
2021,3,Ontario,United States,784173000.0,3967086.0,197.66977574975687,2021-Q3,True,False
2018,1,New Brunswick,China,5805000.0,114.0,50921.05263157895,2018-Q1,False,False
2018,3,Quebec,United Kingdom,122454000.0,150438.0,813.9831691460934,2018-Q3,False,False
2018,3,Alberta,United Kingdom,298890000.0,201366.0,1484.3121480289622,2018-Q3,False,False
2018,4,Ontario,United States,2254698024.0,16221654.0,138.9931029227969,2018-Q4,False,False
2019,1,Quebec,Mexico,67788000.0,81408.0,832.6945754716982,2019-Q1,False,False
2019,1,Alberta,United States,262308000.0,740094.0,354.4252486846265,2019-Q1,False,False
2019,2,Manitoba,Australia,7167000.0,2472.0,2899.2718446601943,2019-Q2,False,False
2019,3,Ontario,France,241323000.0,342678.0,704.2267084551678,2019-Q3,False,False
2019,4,Yukon,France,3306000.0,192.0,17218.75,2019-Q4,False,True
2018,1,Saskatchewan,Mexico,3111000.0,534.0,5825.842696629214,2018-Q1,False,False
2018,3,British Columbia,United States,3704018952.0,14024946.0,264.10218991217505,2018-Q3,False,False
2019,3,Nova Scotia,France,17397000.0,9894.0,1758.3383869011523,2019-Q3,False,False
2020,1,Alberta,United States,279045000.0,610326.0,457.2064765387678,2020-Q1,True,False
2021,1,Alberta,United States,21069000.0,40644.0,518.3790965456155,2021-Q1,True,False
2021,4,Nova Scotia,United States,74478000.0,3630.0,20517.355371900827,2021-Q4,True,False
2023,4,Manitoba,United States,43308000.0,370074.0,117.02524359992866,2023-Q4,False,False
2018,2,New Brunswick,Japan,6684000.0,42.0,159142.85714285713,2018-Q2,False,False
2018,3,Yukon,Germany,19887000.0,45192.0,440.0557620817844,2018-Q3,False,True
2018,4,Manitoba,India,3942000.0,900.0,4380.0,2018-Q4,False,False
2018,4,Saskatchewan,Mexico,3048000.0,540.0,5644.444444444444,2018-Q4,False,False
2019,1,Newfoundland and Labrador,Mexico,3249000.0,432.0,7520.833333333333,2019-Q1,False,False
2019,2,Manitoba,France,5928000.0,744.0,7967.741935483871,2019-Q2,False,False
2019,2,Saskatchewan,United Kingdom,12885000.0,1056.0,12201.704545454546,2019-Q2,False,False
2019,3,Quebec,India,50142000.0,23724.0,2113.5558927668185,2019-Q3,False,False
2019,3,British Columbia,Germany,411852000.0,365298.0,1127.4411576302089,2019-Q3,False,False
2019,3,Yukon,United States,199503000.0,1231848.0,161.9542346133614,2019-Q3,False,True
2020,1,Saskatchewan,Mexico,2268000.0,522.0,4344.827586206897,2020-Q1,True,False
2018,1,British Columbia,United Kingdom,201150000.0,186912.0,1076.1748844375963,2018-Q1,False,False
2018,2,Newfoundland and Labrador,India,3645000.0,582.0,6262.886597938144,2018-Q2,False,False
2018,3,Ontario,France,224949000.0,276852.0,812.5243812578561,2018-Q3,False,False
2018,4,New Brunswick,China,30270000.0,936.0,32339.74358974359,2018-Q4,False,False
2018,4,Yukon,China,2955000.0,300.0,9850.0,2018-Q4,False,True
2019,3,Saskatchewan,Australia,16365000.0,996.0,16430.722891566264,2019-Q3,False,False
2020,2,Ontario,United States,89361000.0,712680.0,125.38727058427345,2020-Q2,True,False
2018,3,Nova Scotia,France,17220000.0,23670.0,727.5031685678074,2018-Q3,False,False
2018,4,Yukon,Australia,3681000.0,246.0,14963.414634146342,2018-Q4,False,True
2019,2,Saskatchewan,United States,98784000.0,203172.0,486.20872954934737,2019-Q2,False,False
2019,2,Yukon,France,4572000.0,3066.0,1491.1937377690801,2019-Q2,False,True
2021,1,Newfoundland and Labrador,United States,948000.0,2694.0,351.89309576837417,2021-Q1,True,False
2018,2,Newfoundland and Labrador,China,5232000.0,168.0,31142.85714285714,2018-Q2,False,False
2018,2,Manitoba,China,26829000.0,438.0,61253.42465753425,2018-Q2,False,False
2019,1,Quebec,United Kingdom,55824000.0,64260.0,868.7208216619981,2019-Q1,False,False
2020,1,Quebec,Mexico,47592000.0,87636.0,543.0644940435437,2020-Q1,True,False
2018,1,Saskatchewan,France,3099000.0,54.0,57388.88888888889,2018-Q1,False,False
2019,1,Quebec,France,211218000.0,418572.0,504.61569335741524,2019-Q1,False,False
2019,4,Ontario,Mexico,108660000.0,303492.0,358.0325016804397,2019-Q4,False,False
2023,3,Nova Scotia,United States,638160000.0,490650.0,1300.6420055029043,2023-Q3,False,False
2018,1,Quebec,Mexico,83892000.0,78186.0,1072.9798173586064,2018-Q1,False,False
2018,2,Newfoundland and Labrador,France,9240000.0,3480.0,2655.1724137931033,2018-Q2,False,False
2018,2,Saskatchewan,Australia,6984000.0,336.0,20785.714285714286,2018-Q2,False,False
2018,3,Saskatchewan,France,6849000.0,102.0,67147.05882352941,2018-Q3,False,False
2019,1,Newfoundland and Labrador,United Kingdom,6666000.0,3540.0,1883.050847457627,2019-Q1,False,False
2020,4,Manitoba,United States,8820000.0,42216.0,208.92552586696988,2020-Q4,True,False
2018,2,Nova Scotia,China,14208000.0,1872.0,7589.74358974359,2018-Q2,False,False
2018,3,Nunavut,Australia,3363000.0,810.0,4151.851851851852,2018-Q3,False,True
2018,4,Yukon,Japan,3207000.0,102.0,31441.176470588234,2018-Q4,False,True
2019,1,New Brunswick,India,3354000.0,276.0,12152.173913043478,2019-Q1,False,False
2019,1,Saskatchewan,Germany,3693000.0,132.0,27977.272727272728,2019-Q1,False,False
2019,3,Quebec,Australia,69297000.0,39714.0,1744.901042453543,2019-Q3,False,False
2019,4,Quebec,Japan,30135000.0,41490.0,726.3195950831525,2019-Q4,False,False
2020,1,Newfoundland and Labrador,France,3795000.0,1728.0,2196.1805555555557,2020-Q1,True,False
2020,3,Newfoundland and Labrador,United States,5949000.0,10020.0,593.7125748502993,2020-Q3,True,False
2023,4,Nova Scotia,United States,264219000.0,113994.0,2317.8325175009213,2023-Q4,False,False
2018,2,Newfoundland and Labrador,Mexico,4161000.0,1266.0,3286.729857819905,2018-Q2,False,False
2018,2,Saskatchewan,United Kingdom,11667000.0,360.0,32408.333333333332,2018-Q2,False,False
2018,3,New Brunswick,China,14400000.0,990.0,14545.454545454546,2018-Q3,False,False
2018,3,Yukon,United Kingdom,14244000.0,18822.0,756.7739878865158,2018-Q3,False,True
2018,4,New Brunswick,France,11406000.0,1476.0,7727.642276422765,2018-Q4,False,False
2019,2,Newfoundland and Labrador,Germany,8466000.0,8688.0,974.4475138121547,2019-Q2,False,False
2019,3,New Brunswick,United States,368463000.0,2368524.0,155.56650470926198,2019-Q3,False,False
2019,3,New Brunswick,United Kingdom,23859000.0,52752.0,452.28616924476796,2019-Q3,False,False
2018,2,Yukon,Germany,10458000.0,16992.0,615.4661016949152,2018-Q2,False,True
2018,3,Nunavut,France,3597000.0,1047.0,3435.5300859598856,2018-Q3,False,True
2018,4,Manitoba,United States,91455000.0,420528.0,217.47660084465244,2018-Q4,False,False
2018,4,Saskatchewan,Japan,3042000.0,198.0,15363.636363636364,2018-Q4,False,False
2019,1,Nunavut,United Kingdom,2151000.0,24.0,89625.0,2019-Q1,False,True
2019,4,Yukon,Germany,3843000.0,552.0,6961.95652173913,2019-Q4,False,True
2020,1,Alberta,India,16332000.0,6120.0,2668.627450980392,2020-Q1,True,False
2020,2,British Columbia,United States,76002000.0,356196.0,213.37128996395242,2020-Q2,True,False
2021,3,Alberta,United States,258699000.0,246498.0,1049.4973590049412,2021-Q3,True,False
2018,1,Quebec,Australia,22008000.0,12276.0,1792.7663734115347,2018-Q1,False,False
2018,1,Yukon,Mexico,3756000.0,30.0,125200.0,2018-Q1,False,True
2018,2,Yukon,France,6096000.0,2634.0,2314.3507972665147,2018-Q2,False,True
2018,2,Yukon,Mexico,5694000.0,3138.0,1814.5315487571702,2018-Q2,False,True
2018,4,British Columbia,France,58779000.0,30012.0,1958.516593362655,2018-Q4,False,False
2019,1,Alberta,France,21600000.0,5754.0,3753.910323253389,2019-Q1,False,False
2019,2,New Brunswick,Mexico,5121000.0,774.0,6616.279069767442,2019-Q2,False,False
2020,1,Nova Scotia,Mexico,2517000.0,432.0,5826.388888888889,2020-Q1,True,False
2018,3,Manitoba,Mexico,17679000.0,3066.0,5766.144814090019,2018-Q3,False,False
2018,4,New Brunswick,Germany,4968000.0,17742.0,280.0135272235374,2018-Q4,False,False
2019,1,Newfoundland and Labrador,India,3000000.0,145.0,20689.655172413793,2019-Q1,False,False
2020,1,Newfoundland and Labrador,India,1995000.0,36.0,55416.666666666664,2020-Q1,True,False
2021,4,Newfoundland and Labrador,United States,26289000.0,6042.0,4351.042701092353,2021-Q4,True,False
2018,1,Yukon,Germany,3567000.0,336.0,10616.07142857143,2018-Q1,False,True
2018,3,Quebec,Mexico,124713000.0,169416.0,736.1347216319592,2018-Q3,False,False
2019,1,Ontario,Mexico,81096000.0,199158.0,407.19428795227907,2019-Q1,False,False
2019,2,Quebec,China,115296000.0,75084.0,1535.5601726066805,2019-Q2,False,False
2019,4,Saskatchewan,Germany,3906000.0,270.0,14466.666666666666,2019-Q4,False,False
2018,1,New Brunswick,United States,25779000.0,701502.0,36.74829152304626,2018-Q1,False,False
2018,1,Alberta,United Kingdom,59676000.0,90948.0,656.1551655891278,2018-Q1,False,False
2018,2,British Columbia,Germany,194496000.0,206124.0,943.5873551842581,2018-Q2,False,False
2018,3,Newfoundland and Labrador,United Kingdom,26256000.0,44970.0,583.8559039359573,2018-Q3,False,False
2018,3,Saskatchewan,China,27963000.0,318.0,87933.96226415095,2018-Q3,False,False
2018,3,Saskatchewan,India,8154000.0,282.0,28914.893617021276,2018-Q3,False,False
2018,4,Alberta,Australia,74514000.0,25092.0,2969.6317551410807,2018-Q4,False,False
2019,2,Saskatchewan,India,4737000.0,282.0,16797.872340425532,2019-Q2,False,False
2019,2,British Columbia,Japan,137475000.0,180678.0,760.8840035864908,2019-Q2,False,False
2019,3,Quebec,United States,2048498976.0,5721030.0,358.0647149202154,2019-Q3,False,False
2019,4,Saskatchewan,Mexico,3762000.0,492.0,7646.341463414634,2019-Q4,False,False
2020,1,Alberta,Germany,25641000.0,26094.0,982.6396872844332,2020-Q1,True,False
2021,2,Saskatchewan,United States,9444000.0,24150.0,391.055900621118,2021-Q2,True,False
2018,1,Ontario,China,291297000.0,309240.0,941.97710516104,2018-Q1,False,False
2018,1,Ontario,Mexico,108204000.0,165186.0,655.043405615488,2018-Q1,False,False
2018,1,Yukon,Japan,3249000.0,114.0,28500.0,2018-Q1,False,True
2018,4,Yukon,United Kingdom,3219000.0,162.0,19870.37037037037,2018-Q4,False,True
2019,3,British Columbia,United States,3832802952.0,14500422.0,264.32354534233554,2019-Q3,False,False
2020,1,Manitoba,France,2652000.0,648.0,4092.5925925925926,2020-Q1,True,False
2020,1,Saskatchewan,Australia,2628000.0,198.0,13272.727272727272,2020-Q1,True,False
2020,1,Yukon,United Kingdom,3120000.0,50.0,62400.0,2020-Q1,True,True
2018,1,British Columbia,China,377730000.0,408894.0,923.7846483440696,2018-Q1,False,False
2018,2,Nova Scotia,United States,260448000.0,217998.0,1194.7265571243772,2018-Q2,False,False
2018,3,Manitoba,India,7974000.0,1314.0,6068.493150684932,2018-Q3,False,False
2019,3,Yukon,Mexico,8853000.0,9186.0,963.7491835401698,2019-Q3,False,True
2019,4,Newfoundland and Labrador,India,3144000.0,102.0,30823.529411764706,2019-Q4,False,False
2019,4,British Columbia,India,30936000.0,102894.0,300.6589305498863,2019-Q4,False,False
2020,1,Quebec,France,174996000.0,389454.0,449.3367637769801,2020-Q1,True,False
2022,2,Newfoundland and Labrador,United States,24297000.0,17334.0,1401.6960886119764,2022-Q2,True,False
2022,2,British Columbia,United States,1654602024.0,6728880.0,245.89560580661268,2022-Q2,True,False
2018,1,Saskatchewan,India,3423000.0,138.0,24804.347826086956,2018-Q1,False,False
2018,1,Yukon,France,3153000.0,228.0,13828.947368421053,2018-Q1,False,True
2019,2,Manitoba,United Kingdom,13251000.0,4602.0,2879.400260756193,2019-Q2,False,False
2019,2,Nunavut,United States,4185000.0,425.0,9847.058823529413,2019-Q2,False,True
2019,4,Ontario,United Kingdom,213408000.0,554808.0,384.65198771466885,2019-Q4,False,False
2020,1,Ontario,Germany,42642000.0,87294.0,488.4871812495704,2020-Q1,True,False
2018,1,Manitoba,India,3648000.0,234.0,15589.74358974359,2018-Q1,False,False
2018,1,Saskatchewan,United States,32136000.0,88206.0,364.328957213795,2018-Q1,False,False
2018,2,New Brunswick,Mexico,7764000.0,378.0,20539.68253968254,2018-Q2,False,False
2018,2,Nunavut,United Kingdom,5628000.0,168.0,33500.0,2018-Q2,False,True
2019,1,Prince Edward Island,United States,13524000.0,78.0,173384.61538461538,2019-Q1,False,True
2019,3,Nova Scotia,Japan,6777000.0,1332.0,5087.8378378378375,2019-Q3,False,False
2018,1,Newfoundland and Labrador,Germany,3639000.0,3948.0,921.7325227963526,2018-Q1,False,False
2018,1,Nova Scotia,Australia,3603000.0,510.0,7064.705882352941,2018-Q1,False,False
2018,2,New Brunswick,France,7122000.0,306.0,23274.50980392157,2018-Q2,False,False
2019,1,Newfoundland and Labrador,Germany,4656000.0,3288.0,1416.058394160584,2019-Q1,False,False
2019,1,Prince Edward Island,Germany,3102000.0,50.0,62040.0,2019-Q1,False,True
2019,1,New Brunswick,United Kingdom,5436000.0,1062.0,5118.64406779661,2019-Q1,False,False
2019,2,Quebec,United States,1413678000.0,4121568.0,342.995190180048,2019-Q2,False,False
2019,2,Yukon,United States,225714000.0,703098.0,321.02779413396144,2019-Q2,False,True
2019,3,Newfoundland and Labrador,India,3738000.0,492.0,7597.5609756097565,2019-Q3,False,False
2019,3,Quebec,France,950139000.0,1303080.0,729.1486324707615,2019-Q3,False,False
2019,4,New Brunswick,France,4521000.0,6384.0,708.1766917293234,2019-Q4,False,False
2019,4,Saskatchewan,Australia,4611000.0,462.0,9980.51948051948,2019-Q4,False,False
2023,1,New Brunswick,United States,33990000.0,508188.0,66.88469621478666,2023-Q1,False,False
2023,4,Newfoundland and Labrador,United States,29289000.0,26742.0,1095.2434372896566,2023-Q4,False,False
2018,1,Alberta,Germany,34569000.0,29982.0,1152.9917950770462,2018-Q1,False,False
2018,4,Prince Edward Island,United States,196878000.0,450.0,437506.6666666667,2018-Q4,False,True
2018,4,Ontario,United Kingdom,178353000.0,504960.0,353.2022338403042,2018-Q4,False,False
2019,1,Yukon,Australia,4986000.0,138.0,36130.434782608696,2019-Q1,False,True
2019,2,British Columbia,Germany,186090000.0,221682.0,839.445692478415,2019-Q2,False,False
2019,3,Alberta,Australia,189705000.0,43158.0,4395.592937578201,2019-Q3,False,False
2020,4,Saskatchewan,United States,9357000.0,14274.0,655.5275325767129,2020-Q4,True,False
2022,4,Saskatchewan,United States,81162000.0,91476.0,887.2491145218418,2022-Q4,True,False
2018,1,British Columbia,France,26007000.0,24540.0,1059.7799511002445,2018-Q1,False,False
2018,2,New Brunswick,Australia,10641000.0,1278.0,8326.291079812207,2018-Q2,False,False
2018,2,Quebec,Australia,45258000.0,29694.0,1524.1462921802383,2018-Q2,False,False
2018,2,British Columbia,United Kingdom,382191000.0,404658.0,944.4790415610219,2018-Q2,False,False
2019,4,Manitoba,United Kingdom,9408000.0,2220.0,4237.8378378378375,2019-Q4,False,False
2020,1,Manitoba,China,8343000.0,816.0,10224.264705882353,2020-Q1,True,False
2021,4,Saskatchewan,United States,44874000.0,50142.0,894.9383750149575,2021-Q4,True,False
2022,2,Nova Scotia,United States,157350000.0,172110.0,914.2408924525013,2022-Q2,True,False
2023,1,Manitoba,United States,63045000.0,308574.0,204.3107974100216,2023-Q1,False,False
2018,3,Alberta,United States,1379366976.0,2105862.0,655.0129951535285,2018-Q3,False,False
2019,2,Nova Scotia,Australia,8079000.0,3396.0,2378.975265017668,2019-Q2,False,False
2019,2,Nunavut,United Kingdom,2169000.0,39.0,55615.38461538462,2019-Q2,False,True
2019,4,Nova Scotia,France,6096000.0,8166.0,746.5099191770756,2019-Q4,False,False
2019,4,Yukon,Japan,3579000.0,36.0,99416.66666666667,2019-Q4,False,True
2023,4,Saskatchewan,United States,73809000.0,116682.0,632.5654342572119,2023-Q4,False,False
2018,1,Quebec,France,173679000.0,379218.0,457.9925003559958,2018-Q1,False,False
2018,3,New Brunswick,France,14433000.0,1572.0,9181.297709923665,2018-Q3,False,False
2018,4,Ontario,India,81639000.0,201006.0,406.15205516253246,2018-Q4,False,False
2019,2,British Columbia,United Kingdom,361647000.0,455574.0,793.8271279748186,2019-Q2,False,False
2019,3,Alberta,China,218238000.0,34176.0,6385.7092696629215,2019-Q3,False,False
2019,4,British Columbia,Japan,131049000.0,184854.0,708.9324548021682,2019-Q4,False,False
2020,1,Newfoundland and Labrador,Mexico,2043000.0,318.0,6424.528301886792,2020-Q1,True,False
2020,1,Nova Scotia,India,2274000.0,144.0,15791.666666666666,2020-Q1,True,False
2020,1,New Brunswick,Germany,2349000.0,84.0,27964.285714285714,2020-Q1,True,False
2018,2,British Columbia,India,69171000.0,212784.0,325.07613354387547,2018-Q2,False,False
2019,1,Newfoundland and Labrador,United States,11352000.0,14484.0,783.7613918806959,2019-Q1,False,False
2019,1,Nova Scotia,India,3936000.0,486.0,8098.765432098766,2019-Q1,False,False
2020,4,Prince Edward Island,United States,7836000.0,66.0,118727.27272727272,2020-Q4,True,True
2021,3,British Columbia,United States,666684000.0,1667682.0,399.76686202765273,2021-Q3,True,False
2022,1,New Brunswick,United States,12618000.0,84180.0,149.89308624376338,2022-Q1,True,False
2018,2,Manitoba,United States,119247000.0,605736.0,196.86298981734618,2018-Q2,False,False
2018,3,New Brunswick,Germany,15003000.0,17490.0,857.8044596912522,2018-Q3,False,False
2018,3,Alberta,India,60294000.0,25296.0,2383.53889943074,2018-Q3,False,False
2018,3,Nunavut,China,3366000.0,68.0,49500.0,2018-Q3,False,True
2018,4,New Brunswick,India,3675000.0,336.0,10937.5,2018-Q4,False,False
2018,4,Ontario,France,67773000.0,127770.0,530.429678328246,2018-Q4,False,False
2019,2,Alberta,Germany,93273000.0,49764.0,1874.3067277550035,2019-Q2,False,False
2019,4,Saskatchewan,United Kingdom,7119000.0,624.0,11408.653846153846,2019-Q4,False,False
2019,4,British Columbia,United States,1280510976.0,6798372.0,188.35553217740954,2019-Q4,False,False
2020,1,Quebec,Japan,11067000.0,10578.0,1046.228020419739,2020-Q1,True,False
2020,1,Ontario,India,39621000.0,142944.0,277.17847548690395,2020-Q1,True,False
2020,1,British Columbia,China,224916000.0,239952.0,937.3374674934987,2020-Q1,True,False
2018,1,Nova Scotia,United Kingdom,6039000.0,3810.0,1585.0393700787401,2018-Q1,False,False
2018,1,Manitoba,Japan,4665000.0,360.0,12958.333333333334,2018-Q1,False,False
2018,1,Nunavut,United States,4368000.0,432.0,10111.111111111111,2018-Q1,False,True
2018,3,Quebec,India,39168000.0,18936.0,2068.4410646387832,2018-Q3,False,False
2018,3,Manitoba,United States,194754000.0,768882.0,253.29504397293732,2018-Q3,False,False
2019,1,Manitoba,Germany,5100000.0,696.0,7327.586206896552,2019-Q1,False,False
2019,2,Newfoundland and Labrador,United Kingdom,10701000.0,4614.0,2319.2457737321197,2019-Q2,False,False
2019,3,Newfoundland and Labrador,Germany,12714000.0,56568.0,224.75604582095883,2019-Q3,False,False
2019,3,Newfoundland and Labrador,Australia,9552000.0,13164.0,725.6153144940747,2019-Q3,False,False
2019,3,Yukon,India,2898000.0,5200.0,557.3076923076923,2019-Q3,False,True
2020,3,British Columbia,United States,173826000.0,494370.0,351.61114145275803,2020-Q3,True,False
2021,1,Nova Scotia,United States,6246000.0,204.0,30617.647058823528,2021-Q1,True,False
2022,1,Saskatchewan,United States,13281000.0,18126.0,732.7044025157232,2022-Q1,True,False
2022,3,New Brunswick,United States,260412000.0,1257078.0,207.1565964880461,2022-Q3,True,False
2019,1,Nova Scotia,United Kingdom,9138000.0,5358.0,1705.4871220604703,2019-Q1,False,False
2019,1,British Columbia,United States,1291425000.0,6076740.0,212.51937716604627,2019-Q1,False,False
2020,1,British Columbia,India,16083000.0,56298.0,285.6762229564105,2020-Q1,True,False
2020,3,Saskatchewan,United States,10398000.0,27360.0,380.0438596491228,2020-Q3,True,False
2018,2,Nova Scotia,Germany,20979000.0,24366.0,860.9948288598868,2018-Q2,False,False
2018,2,New Brunswick,United Kingdom,8460000.0,3000.0,2820.0,2018-Q2,False,False
2018,4,Quebec,France,280533000.0,544218.0,515.4790910995226,2018-Q4,False,False
2019,2,Nova Scotia,Japan,5550000.0,582.0,9536.082474226803,2019-Q2,False,False
2019,2,Yukon,Australia,6183000.0,31500.0,196.28571428571428,2019-Q2,False,True
2020,1,Quebec,India,13560000.0,9954.0,1362.2664255575648,2020-Q1,True,False
2023,4,British Columbia,United States,1864257024.0,6632856.0,281.0639977710959,2023-Q4,False,False
2018,1,Saskatchewan,Australia,3564000.0,120.0,29700.0,2018-Q1,False,False
2018,2,Manitoba,Mexico,6546000.0,1038.0,6306.358381502891,2018-Q2,False,False
2019,1,Saskatchewan,Japan,3642000.0,174.0,20931.03448275862,2019-Q1,False,False
2019,2,Quebec,Japan,30603000.0,30132.0,1015.6312226204699,2019-Q2,False,False
2019,2,Alberta,Japan,43365000.0,22560.0,1922.2074468085107,2019-Q2,False,False
2020,1,Manitoba,Germany,3435000.0,1230.0,2792.682926829268,2020-Q1,True,False
2020,1,British Columbia,Australia,227586000.0,217578.0,1045.997297520889,2020-Q1,True,False
2018,3,Newfoundland and Labrador,Mexico,5700000.0,2034.0,2802.3598820058996,2018-Q3,False,False
2019,2,Nova Scotia,Germany,19878000.0,17238.0,1153.150017403411,2019-Q2,False,False
2019,3,Yukon,Australia,13368000.0,39474.0,338.6532907736738,2019-Q3,False,True
2019,4,Nova Scotia,Germany,9513000.0,20316.0,468.2516243354991,2019-Q4,False,False
2020,1,Nova Scotia,United Kingdom,4356000.0,738.0,5902.4390243902435,2020-Q1,True,False
2020,1,British Columbia,United Kingdom,162531000.0,129396.0,1256.074376333117,2020-Q1,True,False
2018,2,Quebec,China,146070000.0,99696.0,1465.1540683678381,2018-Q2,False,False
2018,3,Newfoundland and Labrador,United States,134841000.0,66426.0,2029.9430945714028,2018-Q3,False,False
2018,3,Nova Scotia,Japan,8859000.0,7830.0,1131.4176245210729,2018-Q3,False,False
2018,3,Ontario,India,146316000.0,340152.0,430.1488746207578,2018-Q3,False,False
2019,2,Saskatchewan,Japan,4149000.0,132.0,31431.81818181818,2019-Q2,False,False
2019,2,Yukon,China,3978000.0,5556.0,715.9827213822895,2019-Q2,False,True
2020,1,Alberta,Mexico,14337000.0,14598.0,982.1208384710234,2020-Q1,True,False
2020,1,British Columbia,Germany,54315000.0,46320.0,1172.603626943005,2020-Q1,True,False
2023,1,British Columbia,United States,1217886024.0,5230458.0,232.84500592491136,2023-Q1,False,False
2018,2,Nova Scotia,Australia,9126000.0,4824.0,1891.7910447761194,2018-Q2,False,False
2018,3,British Columbia,Mexico,226920000.0,314508.0,721.5078789728719,2018-Q3,False,False
2018,4,Saskatchewan,China,11448000.0,318.0,36000.0,2018-Q4,False,False
2019,2,New Brunswick,Germany,7998000.0,3906.0,2047.6190476190477,2019-Q2,False,False
2019,3,Nunavut,France,2766000.0,2784.0,993.5344827586207,2019-Q3,False,True
2019,4,Newfoundland and Labrador,United Kingdom,6561000.0,3600.0,1822.5,2019-Q4,False,False
2019,4,Nova Scotia,India,3522000.0,186.0,18935.483870967742,2019-Q4,False,False
2020,2,Nova Scotia,United States,6867000.0,552.0,12440.217391304348,2020-Q2,True,False
2021,1,Ontario,United States,89565000.0,887058.0,100.96859506368241,2021-Q1,True,False
2023,2,Manitoba,United States,166200000.0,510606.0,325.4955875959154,2023-Q2,False,False
2018,4,Quebec,Japan,25941000.0,37464.0,692.424727738629,2018-Q4,False,False
2018,4,British Columbia,Mexico,148914000.0,186564.0,798.1925773461118,2018-Q4,False,False
2019,3,Newfoundland and Labrador,France,13614000.0,3174.0,4289.22495274102,2019-Q3,False,False
2019,3,New Brunswick,India,4707000.0,954.0,4933.962264150943,2019-Q3,False,False
2019,4,Saskatchewan,China,12213000.0,216.0,56541.666666666664,2019-Q4,False,False
2018,4,Quebec,India,16899000.0,11994.0,1408.9544772386193,2018-Q4,False,False
2018,4,Ontario,China,578763000.0,382770.0,1512.0385610157537,2018-Q4,False,False
2018,4,Ontario,Australia,84414000.0,92886.0,908.7914217427815,2018-Q4,False,False
2020,1,Nova Scotia,Japan,2454000.0,162.0,15148.148148148148,2020-Q1,True,False
2019,1,New Brunswick,Japan,3384000.0,126.0,26857.14285714286,2019-Q1,False,False
2019,1,Alberta,Mexico,21942000.0,15204.0,1443.1728492501973,2019-Q1,False,False
2019,2,New Brunswick,United Kingdom,10842000.0,5574.0,1945.102260495156,2019-Q2,False,False
2019,2,Yukon,Germany,10599000.0,20262.0,523.0974237488896,2019-Q2,False,True
2019,3,Ontario,United States,4667037072.0,29131026.0,160.2084688675229,2019-Q3,False,False
2019,4,New Brunswick,Australia,3693000.0,4878.0,757.0725707257072,2019-Q4,False,False
2020,1,Newfoundland and Labrador,United Kingdom,4695000.0,3540.0,1326.2711864406779,2020-Q1,True,False
2020,1,Ontario,Australia,36651000.0,43848.0,835.8648056923919,2020-Q1,True,False
2022,1,Manitoba,United States,26985000.0,110574.0,244.0447121384774,2022-Q1,True,False
2018,1,Newfoundland and Labrador,Japan,2709000.0,30.0,90300.0,2018-Q1,False,False
2018,1,Saskatchewan,China,7839000.0,174.0,45051.724137931036,2018-Q1,False,False
2018,1,Saskatchewan,Japan,2925000.0,66.0,44318.181818181816,2018-Q1,False,False
2018,1,Yukon,China,3477000.0,66.0,52681.818181818184,2018-Q1,False,True
2018,3,British Columbia,China,986616000.0,943344.0,1045.870859410777,2018-Q3,False,False
2019,1,Quebec,Australia,28380000.0,12588.0,2254.528122020972,2019-Q1,False,False
2019,2,Quebec,India,36591000.0,26154.0,1399.0594172975452,2019-Q2,False,False
2019,2,Manitoba,Germany,8151000.0,2262.0,3603.448275862069,2019-Q2,False,False
2019,3,Nunavut,United Kingdom,2484000.0,1416.0,1754.2372881355932,2019-Q3,False,True
2020,1,Manitoba,Japan,2544000.0,774.0,3286.8217054263564,2020-Q1,True,False
2018,2,Alberta,United Kingdom,226287000.0,133950.0,1689.3393057110861,2018-Q2,False,False
2018,3,Nova Scotia,India,6453000.0,1290.0,5002.325581395349,2018-Q3,False,False
2018,3,Nova Scotia,Australia,24249000.0,12264.0,1977.2504892367906,2018-Q3,False,False
2018,3,Ontario,United States,4491011952.0,28567932.0,157.20465702592682,2018-Q3,False,False
2018,4,New Brunswick,Australia,3798000.0,1506.0,2521.9123505976095,2018-Q4,False,False
2020,1,Nova Scotia,United States,15633000.0,23418.0,667.5634127594159,2020-Q1,True,False
2021,2,Newfoundland and Labrador,United States,2601000.0,4998.0,520.4081632653061,2021-Q2,True,False
2021,4,Quebec,United States,448944000.0,1218066.0,368.57116116860664,2021-Q4,True,False
2022,1,Quebec,United States,336051000.0,728418.0,461.3436241279046,2022-Q1,True,False
2018,1,Saskatchewan,United Kingdom,5040000.0,798.0,6315.789473684211,2018-Q1,False,False
2018,2,Newfoundland and Labrador,Japan,4803000.0,36.0,133416.66666666666,2018-Q2,False,False
2018,2,Quebec,United States,1246475976.0,4028736.0,309.39629104513176,2018-Q2,False,False
2018,3,Manitoba,France,8067000.0,1092.0,7387.3626373626375,2018-Q3,False,False
2018,3,Alberta,Germany,188175000.0,92478.0,2034.808278725751,2018-Q3,False,False
2018,3,Nunavut,United States,11409000.0,6504.0,1754.1512915129151,2018-Q3,False,True
2019,2,Alberta,United States,877137000.0,1390836.0,630.6545128253798,2019-Q2,False,False
2020,1,Ontario,United Kingdom,90027000.0,255438.0,352.44168839405256,2020-Q1,True,False
2023,3,Prince Edward Island,United States,200751000.0,14946.0,13431.754315535929,2023-Q3,False,True
2019,1,Ontario,Australia,71016000.0,51060.0,1390.834312573443,2019-Q1,False,False
2019,3,Alberta,Germany,193854000.0,102006.0,1900.4176224927946,2019-Q3,False,False
2018,3,Newfoundland and Labrador,China,9882000.0,414.0,23869.565217391304,2018-Q3,False,False
2018,4,Saskatchewan,United Kingdom,7974000.0,330.0,24163.636363636364,2018-Q4,False,False
2019,1,British Columbia,France,51357000.0,25500.0,2014.0,2019-Q1,False,False
2019,3,Nova Scotia,Mexico,7041000.0,3210.0,2193.457943925234,2019-Q3,False,False
2019,3,Quebec,United Kingdom,213927000.0,169920.0,1258.986581920904,2019-Q3,False,False
2019,3,Quebec,Germany,177714000.0,177666.0,1000.2701698693053,2019-Q3,False,False
2020,2,New Brunswick,United States,4743000.0,52650.0,90.08547008547009,2020-Q2,True,False
2023,3,Quebec,United States,2300118048.0,4867698.0,472.5268593080343,2023-Q3,False,False
2023,4,Alberta,United States,605385000.0,861960.0,702.3353751914242,2023-Q4,False,False
2018,1,Ontario,India,48771000.0,128442.0,379.71224365861633,2018-Q1,False,False
2018,3,New Brunswick,Australia,9063000.0,4392.0,2063.5245901639346,2018-Q3,False,False
2018,4,Nova Scotia,United Kingdom,12198000.0,24000.0,508.25,2018-Q4,False,False
2019,1,Yukon,China,3537000.0,24.0,147375.0,2019-Q1,False,True
2019,2,Nunavut,France,2286000.0,21.0,108857.14285714286,2019-Q2,False,True
2019,3,Saskatchewan,India,5847000.0,438.0,13349.315068493152,2019-Q3,False,False
2019,4,New Brunswick,Germany,4983000.0,31266.0,159.3744003070428,2019-Q4,False,False
2019,4,Ontario,Japan,95445000.0,97692.0,976.9991401547721,2019-Q4,False,False
2019,4,Alberta,Mexico,27741000.0,22740.0,1219.9208443271768,2019-Q4,False,False
2020,1,Newfoundland and Labrador,Australia,2088000.0,186.0,11225.806451612903,2020-Q1,True,False
2020,1,Quebec,Australia,25521000.0,9702.0,2630.4885590599874,2020-Q1,True,False
2020,4,British Columbia,United States,98475000.0,452934.0,217.4157824318775,2020-Q4,True,False
2018,2,Newfoundland and Labrador,Australia,6960000.0,1032.0,6744.186046511628,2018-Q2,False,False
2018,2,Manitoba,Japan,6171000.0,642.0,9612.14953271028,2018-Q2,False,False
2018,3,Quebec,France,902481000.0,1173162.0,769.2722744173439,2018-Q3,False,False
2019,1,Ontario,United States,1529142024.0,11821686.0,129.35058704824337,2019-Q1,False,False
2019,1,British Columbia,Japan,105828000.0,174336.0,607.034691629956,2019-Q1,False,False
2019,3,Nova Scotia,Germany,45348000.0,62076.0,730.523873960951,2019-Q3,False,False
2019,3,Manitoba,Mexico,7605000.0,4170.0,1823.7410071942445,2019-Q3,False,False
2020,1,New Brunswick,United States,19323000.0,592446.0,32.61563079166709,2020-Q1,True,False
2020,1,Alberta,China,32661000.0,2262.0,14438.992042440319,2020-Q1,True,False
2021,2,British Columbia,United States,154176000.0,503604.0,306.14530464412513,2021-Q2,True,False
2023,3,Newfoundland and Labrador,United States,49197000.0,129516.0,379.8526822940795,2023-Q3,False,False
2023,4,New Brunswick,United States,140328000.0,1110204.0,126.39839164694057,2023-Q4,False,False
2018,1,New Brunswick,Japan,3327000.0,30.0,110900.0,2018-Q1,False,False
2018,1,Ontario,Australia,50838000.0,52896.0,961.0934664246824,2018-Q1,False,False
2018,1,Alberta,United States,282666000.0,686304.0,411.867044341866,2018-Q1,False,False
2018,2,Yukon,Japan,4197000.0,670.0,6264.179104477612,2018-Q2,False,True
2018,3,Alberta,China,245868000.0,38520.0,6382.866043613707,2018-Q3,False,False
2018,4,Newfoundland and Labrador,Germany,4104000.0,2928.0,1401.639344262295,2018-Q4,False,False
2018,4,Nova Scotia,India,2946000.0,498.0,5915.6626506024095,2018-Q4,False,False
2018,4,Quebec,Germany,44475000.0,88146.0,504.56061534272686,2018-Q4,False,False
2019,1,Nova Scotia,Mexico,3810000.0,420.0,9071.42857142857,2019-Q1,False,False
2019,2,Newfoundland and Labrador,Australia,5529000.0,240.0,23037.5,2019-Q2,False,False
2019,3,Saskatchewan,Mexico,7914000.0,750.0,10552.0,2019-Q3,False,False
2019,4,Saskatchewan,Japan,3519000.0,72.0,48875.0,2019-Q4,False,False
2019,4,Yukon,United States,27147000.0,79650.0,340.8286252354049,2019-Q4,False,True
2021,1,New Brunswick,United States,4080000.0,44058.0,92.60520223341959,2021-Q1,True,False
2022,2,Quebec,United States,892242000.0,2477808.0,360.0932759923287,2022-Q2,True,False
2018,2,Quebec,Germany,88245000.0,93366.0,945.151339888182,2018-Q2,False,False
2019,2,Newfoundland and Labrador,France,9405000.0,2532.0,3714.4549763033174,2019-Q2,False,False
2019,4,Alberta,France,19560000.0,7134.0,2741.799831791421,2019-Q4,False,False
2019,4,Yukon,Mexico,4758000.0,276.0,17239.130434782608,2019-Q4,False,True
2020,1,Ontario,China,174084000.0,237714.0,732.3253994295666,2020-Q1,True,False
2020,1,Saskatchewan,United Kingdom,4593000.0,204.0,22514.70588235294,2020-Q1,True,False
2020,1,Yukon,United States,17754000.0,35622.0,498.3998652518107,2020-Q1,True,True
2018,1,Saskatchewan,Germany,3069000.0,120.0,25575.0,2018-Q1,False,False
2018,4,Quebec,Australia,39168000.0,28476.0,1375.4740834386853,2018-Q4,False,False
2019,1,Nova Scotia,Australia,3987000.0,318.0,12537.735849056604,2019-Q1,False,False
2019,1,Yukon,United Kingdom,4689000.0,150.0,31260.0,2019-Q1,False,True
2019,2,Ontario,Japan,93294000.0,111666.0,835.4736446187738,2019-Q2,False,False
2019,3,New Brunswick,Japan,4344000.0,948.0,4582.278481012659,2019-Q3,False,False
2019,3,British Columbia,France,101817000.0,133818.0,760.8617674752276,2019-Q3,False,False
2020,2,Newfoundland and Labrador,United States,1398000.0,7764.0,180.06182380216384,2020-Q2,True,False
2022,3,Quebec,United States,1497018024.0,3901560.0,383.69729646602894,2022-Q3,True,False
2018,1,Nova Scotia,Germany,5151000.0,2358.0,2184.4783715012722,2018-Q1,False,False
2018,1,Quebec,Germany,27951000.0,45330.0,616.6115155526142,2018-Q1,False,False
2018,4,Saskatchewan,Germany,3636000.0,234.0,15538.461538461539,2018-Q4,False,False
2019,1,Manitoba,Australia,5031000.0,2262.0,2224.137931034483,2019-Q1,False,False
2019,1,Alberta,India,21717000.0,12528.0,1733.4770114942528,2019-Q1,False,False
2019,2,Newfoundland and Labrador,United States,46713000.0,31494.0,1483.2349018860734,2019-Q2,False,False
2019,3,British Columbia,Australia,356904000.0,534480.0,667.759317467445,2019-Q3,False,False
2019,4,Quebec,France,387657000.0,571140.0,678.7425149700599,2019-Q4,False,False
2019,4,British Columbia,France,49083000.0,29166.0,1682.8841802098334,2019-Q4,False,False
2020,1,Nova Scotia,Germany,3492000.0,468.0,7461.538461538462,2020-Q1,True,False
2020,1,Quebec,China,45783000.0,32160.0,1423.6007462686566,2020-Q1,True,False
2020,1,British Columbia,France,24543000.0,18894.0,1298.9838043823436,2020-Q1,True,False
2018,3,Prince Edward Island,United Kingdom,17796000.0,24.0,741500.0,2018-Q3,False,True
2018,4,Manitoba,Mexico,3840000.0,2358.0,1628.498727735369,2018-Q4,False,False
2018,4,Nunavut,United States,2556000.0,320.0,7987.5,2018-Q4,False,True
2019,1,Manitoba,United States,74244000.0,374598.0,198.1964666122083,2019-Q1,False,False
2019,2,Quebec,France,388242000.0,671706.0,577.9939437789748,2019-Q2,False,False
2019,2,Quebec,Germany,69303000.0,105384.0,657.6235481667046,2019-Q2,False,False
2020,1,Quebec,Germany,20517000.0,35898.0,571.5360187197058,2020-Q1,True,False
2018,1,Nova Scotia,France,4413000.0,5664.0,779.1313559322034,2018-Q1,False,False
2018,2,Prince Edward Island,United States,56733000.0,354.0,160262.71186440677,2018-Q2,False,True
2018,2,Quebec,India,36708000.0,25608.0,1433.4582942830366,2018-Q2,False,False
2018,3,British Columbia,Germany,420831000.0,360792.0,1166.408900419078,2018-Q3,False,False
2019,2,Newfoundland and Labrador,Mexico,4092000.0,906.0,4516.556291390729,2019-Q2,False,False
2019,2,Yukon,Japan,4002000.0,1044.0,3833.3333333333335,2019-Q2,False,True
2019,3,Alberta,Mexico,47862000.0,47838.0,1000.5016932145993,2019-Q3,False,False
2018,1,Newfoundland and Labrador,India,2325000.0,465.0,5000.0,2018-Q1,False,False
2018,1,Manitoba,Mexico,3567000.0,1998.0,1785.2852852852852,2018-Q1,False,False
2018,2,Ontario,Japan,98691000.0,118680.0,831.5722952477249,2018-Q2,False,False
2018,3,Nova Scotia,Germany,37002000.0,109788.0,337.03136954858456,2018-Q3,False,False
2018,3,British Columbia,Australia,358155000.0,529626.0,676.241347667977,2018-Q3,False,False
2018,4,Ontario,Germany,69294000.0,162984.0,425.15829774701814,2018-Q4,False,False
2019,4,Alberta,Germany,36528000.0,19674.0,1856.6636169563892,2019-Q4,False,False
2018,1,Newfoundland and Labrador,Mexico,2826000.0,558.0,5064.5161290322585,2018-Q1,False,False
2019,1,British Columbia,United Kingdom,180669000.0,156690.0,1153.0346544131726,2019-Q1,False,False
2019,2,British Columbia,France,59937000.0,61296.0,977.8288958496477,2019-Q2,False,False
2019,3,Nova Scotia,China,26694000.0,2496.0,10694.711538461539,2019-Q3,False,False
2019,4,British Columbia,Germany,64140000.0,66072.0,970.7591718125681,2019-Q4,False,False
2018,1,New Brunswick,Germany,4920000.0,144.0,34166.666666666664,2018-Q1,False,False
2018,2,Nova Scotia,France,9396000.0,12024.0,781.437125748503,2018-Q2,False,False
2018,2,Alberta,Australia,139518000.0,31626.0,4411.4968696642,2018-Q2,False,False
2018,3,British Columbia,India,44769000.0,199398.0,224.52080763096922,2018-Q3,False,False
2018,4,Manitoba,Germany,5298000.0,1104.0,4798.913043478261,2018-Q4,False,False
2018,4,British Columbia,Japan,93570000.0,176424.0,530.3700176846687,2018-Q4,False,False
2019,4,Nova Scotia,Australia,5364000.0,4140.0,1295.6521739130435,2019-Q4,False,False
2019,4,Manitoba,Japan,4692000.0,1056.0,4443.181818181818,2019-Q4,False,False
2022,1,Ontario,United States,544134000.0,2695464.0,201.87025313638023,2022-Q1,True,False
2018,2,Ontario,Germany,118323000.0,231528.0,511.05265885767597,2018-Q2,False,False
2019,1,Saskatchewan,Australia,4239000.0,342.0,12394.736842105263,2019-Q1,False,False
2019,4,Newfoundland and Labrador,United States,59544000.0,41262.0,1443.0711065871747,2019-Q4,False,False
2019,4,New Brunswick,United Kingdom,6579000.0,12462.0,527.9248916706789,2019-Q4,False,False
2023,2,Alberta,United States,1446510000.0,1440426.0,1004.2237504738182,2023-Q2,False,False
2018,2,Alberta,China,127596000.0,24714.0,5162.90361738286,2018-Q2,False,False
2018,4,Ontario,Mexico,111396000.0,248832.0,447.6755401234568,2018-Q4,False,False
2019,2,Quebec,Australia,51273000.0,29166.0,1757.971610779675,2019-Q2,False,False
2019,3,Manitoba,Australia,12903000.0,5694.0,2266.0695468914646,2019-Q3,False,False
2019,4,Newfoundland and Labrador,France,5445000.0,5088.0,1070.1650943396226,2019-Q4,False,False
2020,1,Yukon,France,2070000.0,40.0,51750.0,2020-Q1,True,True
2022,3,Manitoba,United States,94125000.0,409206.0,230.0186214278383,2022-Q3,True,False
2018,2,Ontario,Mexico,156498000.0,240486.0,650.7572166363115,2018-Q2,False,False
2019,1,Quebec,Japan,22119000.0,14082.0,1570.7285896889646,2019-Q1,False,False
2019,2,British Columbia,Mexico,226560000.0,268716.0,843.1206180502836,2019-Q2,False,False
2019,3,British Columbia,China,924120000.0,846984.0,1091.0713779717207,2019-Q3,False,False
2019,2,Manitoba,United States,149664000.0,618846.0,241.84368970632434,2019-Q2,False,False
2019,3,Quebec,Japan,50292000.0,50952.0,987.0466321243523,2019-Q3,False,False
2021,3,New Brunswick,United States,78459000.0,242154.0,324.00455908223694,2021-Q3,True,False
2021,4,Alberta,United States,212934000.0,343584.0,619.7436434758313,2021-Q4,True,False
2018,1,Manitoba,United States,52041000.0,366522.0,141.98601993877585,2018-Q1,False,False
2018,2,Quebec,France,361029000.0,584256.0,617.929469273743,2018-Q2,False,False
2019,1,Saskatchewan,United Kingdom,8013000.0,222.0,36094.59459459459,2019-Q1,False,False
2019,4,Quebec,Germany,58410000.0,91194.0,640.50266464899,2019-Q4,False,False
2018,2,Saskatchewan,India,5895000.0,132.0,44659.09090909091,2018-Q2,False,False
2018,2,Alberta,Mexico,34461000.0,26190.0,1315.8075601374571,2018-Q2,False,False
2019,1,New Brunswick,France,5283000.0,1974.0,2676.29179331307,2019-Q1,False,False
2020,1,Yukon,Australia,3075000.0,84.0,36607.142857142855,2020-Q1,True,True
2022,1,Nova Scotia,United States,21072000.0,2004.0,10514.97005988024,2022-Q1,True,False
2022,1,Alberta,United States,111798000.0,267126.0,418.5215965499427,2022-Q1,True,False
2018,1,British Columbia,Japan,91584000.0,162966.0,561.9822539670852,2018-Q1,False,False
2018,1,Yukon,United States,18168000.0,50688.0,358.4280303030303,2018-Q1,False,True
2018,2,Manitoba,United Kingdom,12846000.0,2016.0,6372.023809523809,2018-Q2,False,False
2018,3,Newfoundland and Labrador,France,16107000.0,5262.0,3061.0034207525655,2018-Q3,False,False
2018,3,Newfoundland and Labrador,Germany,17841000.0,24762.0,720.4991519263388,2018-Q3,False,False
2018,4,Manitoba,Japan,4422000.0,990.0,4466.666666666667,2018-Q4,False,False
2019,2,Nova Scotia,United States,229449000.0,204048.0,1124.4854151964244,2019-Q2,False,False
2019,2,British Columbia,China,527070000.0,513276.0,1026.8744301311574,2019-Q2,False,False
2020,3,Alberta,United States,53604000.0,64836.0,826.7629094947251,2020-Q3,True,False
2018,2,British Columbia,Australia,331452000.0,427578.0,775.1848785484754,2018-Q2,False,False
2018,3,Nova Scotia,United Kingdom,39243000.0,99570.0,394.12473636637543,2018-Q3,False,False
2018,3,Ontario,Japan,162570000.0,157302.0,1033.4897204104207,2018-Q3,False,False
2018,3,Yukon,China,9855000.0,9894.0,996.0582171012735,2018-Q3,False,True
2020,1,Alberta,Japan,12591000.0,2172.0,5796.96132596685,2020-Q1,True,False
2018,1,Ontario,United Kingdom,129891000.0,311004.0,417.6505768414554,2018-Q1,False,False
2018,3,Quebec,Japan,45375000.0,56634.0,801.1971607161776,2018-Q3,False,False
2019,2,Nova Scotia,China,23499000.0,1704.0,13790.492957746479,2019-Q2,False,False
2019,2,New Brunswick,France,6666000.0,3354.0,1987.4776386404294,2019-Q2,False,False
2020,4,Alberta,United States,35652000.0,60780.0,586.5745310957552,2020-Q4,True,False
2018,1,Nunavut,Germany,2037000.0,56.0,36375.0,2018-Q1,False,True
2018,2,Ontario,Australia,119238000.0,111678.0,1067.6946220383602,2018-Q2,False,False
2018,3,British Columbia,France,115620000.0,121146.0,954.3856173542667,2018-Q3,False,False
2018,4,Newfoundland and Labrador,Japan,2610000.0,42.0,62142.857142857145,2018-Q4,False,False
2019,1,Manitoba,India,4431000.0,528.0,8392.045454545454,2019-Q1,False,False
2019,2,Alberta,India,71742000.0,28992.0,2474.544701986755,2019-Q2,False,False
2019,4,British Columbia,China,292728000.0,325044.0,900.5796138368959,2019-Q4,False,False
2021,1,British Columbia,United States,88281000.0,389016.0,226.93411067925226,2021-Q1,True,False
2021,2,Manitoba,United States,10119000.0,44106.0,229.4245680859747,2021-Q2,True,False
2022,3,Newfoundland and Labrador,United States,110643000.0,90180.0,1226.9128409846974,2022-Q3,True,False
2018,2,Yukon,China,4827000.0,5106.0,945.3584018801411,2018-Q2,False,True
2018,3,Nova Scotia,Mexico,7767000.0,4068.0,1909.2920353982302,2018-Q3,False,False
2018,4,New Brunswick,United Kingdom,6096000.0,6378.0,955.7855126999059,2018-Q4,False,False
2019,1,Saskatchewan,India,3810000.0,96.0,39687.5,2019-Q1,False,False
2019,1,Alberta,Japan,20430000.0,2826.0,7229.299363057325,2019-Q1,False,False
2019,3,Saskatchewan,China,21603000.0,432.0,50006.944444444445,2019-Q3,False,False
2018,3,Manitoba,Germany,16851000.0,4956.0,3400.121065375303,2018-Q3,False,False
2018,3,Nunavut,Mexico,597000.0,20.0,29850.0,2018-Q3,False,True
2018,4,Nova Scotia,China,15519000.0,1068.0,14530.898876404495,2018-Q4,False,False
2018,4,Nova Scotia,Australia,5391000.0,4554.0,1183.794466403162,2018-Q4,False,False
2019,2,Ontario,India,127785000.0,425688.0,300.1846422732142,2019-Q2,False,False
2019,4,Saskatchewan,India,4122000.0,216.0,19083.333333333332,2019-Q4,False,False
2020,3,Quebec,United States,61143000.0,169788.0,360.1137889603506,2020-Q3,True,False
2020,4,Quebec,United States,49410000.0,163572.0,302.0688137334018,2020-Q4,True,False
2018,1,Manitoba,France,3627000.0,234.0,15500.0,2018-Q1,False,False
2018,2,Alberta,United States,691020000.0,1322670.0,522.4432398103835,2018-Q2,False,False
2019,1,Manitoba,China,21369000.0,1290.0,16565.116279069767,2019-Q1,False,False
2019,2,Newfoundland and Labrador,India,3228000.0,320.0,10087.5,2019-Q2,False,False
2019,2,Manitoba,Mexico,5745000.0,3102.0,1852.0309477756286,2019-Q2,False,False
2019,3,Ontario,Japan,149769000.0,166254.0,900.844490959616,2019-Q3,False,False
2019,3,Alberta,United Kingdom,291306000.0,232278.0,1254.126520806964,2019-Q3,False,False
2018,1,Prince Edward Island,United States,7980000.0,48.0,166250.0,2018-Q1,False,True
2018,1,Ontario,Germany,48261000.0,137592.0,350.7544043258329,2018-Q1,False,False
2018,4,Quebec,United States,1038552000.0,3531138.0,294.1125495520141,2018-Q4,False,False
2018,4,Alberta,Japan,23043000.0,10476.0,2199.599083619702,2018-Q4,False,False
2019,1,Nova Scotia,Japan,4011000.0,258.0,15546.511627906977,2019-Q1,False,False
2022,3,Alberta,United States,1046649000.0,1477980.0,708.161815450818,2022-Q3,True,False
2018,3,Alberta,Mexico,52665000.0,39240.0,1342.125382262997,2018-Q3,False,False
2018,3,Yukon,India,4461000.0,6744.0,661.4768683274021,2018-Q3,False,True
2019,1,Nova Scotia,France,5289000.0,7560.0,699.6031746031746,2019-Q1,False,False
2019,1,Quebec,India,19626000.0,11478.0,1709.8797699947727,2019-Q1,False,False
2020,1,Yukon,Mexico,3483000.0,96.0,36281.25,2020-Q1,True,True
2020,1,Nunavut,United Kingdom,1569000.0,45.0,34866.666666666664,2020-Q1,True,True
2018,4,Nova Scotia,France,5832000.0,8898.0,655.428186109238,2018-Q4,False,False
2018,4,Manitoba,Australia,5607000.0,2388.0,2347.9899497487436,2018-Q4,False,False
2018,4,Alberta,Mexico,21864000.0,22056.0,991.2948857453754,2018-Q4,False,False
2018,4,Nunavut,Germany,2181000.0,112.0,19473.214285714286,2018-Q4,False,True
2019,1,New Brunswick,Australia,3936000.0,48.0,82000.0,2019-Q1,False,False
2019,2,Ontario,France,113157000.0,155010.0,729.998064640991,2019-Q2,False,False
2019,2,Alberta,United Kingdom,200340000.0,157860.0,1269.0992018244015,2019-Q2,False,False
2020,1,Nova Scotia,China,9237000.0,246.0,37548.78048780488,2020-Q1,True,False
2020,3,Manitoba,United States,8973000.0,50916.0,176.23144001885458,2020-Q3,True,False
2022,3,Ontario,United States,3157770024.0,15794520.0,199.9282044658527,2022-Q3,True,False
2018,3,Manitoba,Japan,10779000.0,1962.0,5493.8837920489295,2018-Q3,False,False
2018,3,British Columbia,United Kingdom,569298000.0,621876.0,915.4525982671787,2018-Q3,False,False
2019,3,Saskatchewan,Japan,5331000.0,270.0,19744.444444444445,2019-Q3,False,False
2019,4,New Brunswick,United States,83139000.0,1155954.0,71.92241213750721,2019-Q4,False,False
2019,4,Manitoba,France,4080000.0,504.0,8095.238095238095,2019-Q4,False,False
2022,4,Newfoundland and Labrador,United States,44661000.0,12816.0,3484.7846441947568,2022-Q4,True,False
